Total Return,Ann. Return,Ann. Vol,Sharpe Ratio,Max Drawdown,Hit Ratio,Benchmark Ann,Excess Return,Info Ratio,Calmar Ratio,N Months,Sectors
7.35835183734617,0.08864134945219249,0.12014352156272691,0.7377954990766011,-0.37986454672328257,0.6233333333333333,0.05403881440932978,4.630873778264494,38.54451507688424,0.2333498880503962,300,"Consumer_Staples, Health_Care, Utilities, Consumer_Discretionary"
7.524096343831779,0.089496737247166,0.12370096465271994,0.723492638060023,-0.3784883995658813,0.63,0.05403881440932978,4.796618284750103,38.77591656796053,0.23645833623914758,300,"Technology, Consumer_Staples, Health_Care, Utilities"
9.82946617369686,0.09997871622887522,0.14105270608764467,0.7088039570595146,-0.43085399462431795,0.6266666666666667,0.05403881440932978,7.1019881146151835,50.34988914145528,0.23204778759461522,300,"Technology, Health_Care, Utilities, Consumer_Discretionary"
8.513846564115598,0.09429457379315664,0.13595201848230082,0.6935871555701291,-0.41295497414575816,0.6333333333333333,0.05403881440932978,5.786368505033922,42.56184328581507,0.2283410533756498,300,"Technology, Consumer_Staples, Utilities, Consumer_Discretionary"
8.417322544553752,0.0938483041051763,0.13738978870314014,0.6830806349659327,-0.4551564230071202,0.6466666666666666,0.05403881440932978,5.689844485472076,41.41388191349646,0.20618912391731356,300,"Industrials, Health_Care, Utilities, Consumer_Discretionary"
9.030765274409553,0.09661293109191016,0.14166341751497638,0.6819892727894725,-0.40724932785993345,0.6266666666666667,0.05403881440932978,6.303287215327877,44.494812605106794,0.23723288040671378,300,"Technology, Consumer_Staples, Health_Care, Consumer_Discretionary"
6.345994841873992,0.08303383538744868,0.12253553833793208,0.6776306409856017,-0.3964614201038902,0.6433333333333333,0.05403881440932978,3.6185167827923164,29.53034549710032,0.20943736559711207,300,"Industrials, Consumer_Staples, Health_Care, Utilities"
8.360203392913158,0.09358214645100293,0.13890379330483452,0.6737191564353472,-0.4447323863035408,0.6466666666666666,0.05403881440932978,5.632725333831482,40.55127077393816,0.21042350261204235,300,"Materials, Health_Care, Utilities, Consumer_Discretionary"
8.596636603183809,0.09467389631577516,0.14071288430659867,0.6728161161808796,-0.44784876500446863,0.65,0.05403881440932978,5.869158544102133,41.71017155269058,0.21139702442816943,300,"Industrials, Technology, Health_Care, Utilities"
6.30333184707416,0.08278153592632931,0.12414193832931142,0.6668297357073213,-0.38513444439825667,0.6266666666666667,0.05403881440932978,3.5758537879924845,28.80455900814771,0.21494191737555227,300,"Materials, Consumer_Staples, Health_Care, Utilities"
8.55300207513791,0.09447436750382376,0.141797372836152,0.6662631726822587,-0.44069757676562554,0.66,0.05403881440932978,5.825524016056233,41.083441107104804,0.21437460173298772,300,"Materials, Technology, Health_Care, Utilities"
8.237682972374394,0.09300593998070372,0.13975429222686322,0.6654961253692812,-0.41666708772016653,0.6533333333333333,0.05403881440932978,5.510204913292718,39.42780450956024,0.22321403038957202,300,"Energy, Health_Care, Utilities, Consumer_Discretionary"
7.244362798193077,0.08804356259732438,0.13324640680302938,0.6607574996560635,-0.4351250918566845,0.6366666666666667,0.05403881440932978,4.516884739111401,33.89873578946452,0.2023408078390546,300,"Industrials, Consumer_Staples, Utilities, Consumer_Discretionary"
8.414675630640218,0.09383600458811103,0.14309387541723867,0.6557653450540799,-0.4134235832505691,0.6366666666666667,0.05403881440932978,5.687197571558542,39.744521245060916,0.22697303296130208,300,"Energy, Technology, Health_Care, Utilities"
7.416477032288492,0.08894316601604935,0.13611650342751166,0.6534341081088356,-0.43063452088028786,0.65,0.05403881440932978,4.688998973206816,34.448423630746035,0.20653979582090834,300,"Industrials, Technology, Consumer_Staples, Utilities"
7.2031257305425545,0.08782534899940764,0.1344367306546295,0.653283879872329,-0.42714950360540266,0.64,0.05403881440932978,4.475647671460878,33.291851487811776,0.20560798563057678,300,"Materials, Consumer_Staples, Utilities, Consumer_Discretionary"
7.70703141073105,0.0904225005210697,0.13853749321312783,0.6526933498209224,-0.43228643632195163,0.6466666666666666,0.05403881440932978,4.979553351649374,35.943723508759945,0.20917265249036457,300,"Industrials, Consumer_Staples, Health_Care, Consumer_Discretionary"
7.387214346377515,0.08879146975473518,0.13687366988319036,0.6487111058723777,-0.4231438030158897,0.6366666666666667,0.05403881440932978,4.659736287295839,34.04406626396818,0.20983757559933097,300,"Materials, Technology, Consumer_Staples, Utilities"
7.89107553413354,0.09133522211230805,0.14125224097479078,0.6466107828236765,-0.42458709567285313,0.6466666666666666,0.05403881440932978,5.163597475051864,36.555862331227786,0.21511539809651298,300,"Industrials, Technology, Consumer_Staples, Health_Care"
7.6617853510662055,0.09019527816896522,0.13980776228229633,0.6451378428248152,-0.4216283057895347,0.63,0.05403881440932978,4.934307291984529,35.293514547649366,0.21392130682513577,300,"Materials, Consumer_Staples, Health_Care, Consumer_Discretionary"
7.585429601065808,0.08980922867553809,0.13950725284877907,0.6437602837243747,-0.3912925950753738,0.65,0.05403881440932978,4.857951541984132,34.8222149227609,0.2295193668519036,300,"Energy, Consumer_Staples, Health_Care, Consumer_Discretionary"
6.160181636244713,0.08192451531195455,0.12728868246684127,0.6436119356746104,-0.36299581225428057,0.65,0.05403881440932978,3.432703577163037,26.967861640466403,0.2256899736754152,300,"Energy, Consumer_Staples, Health_Care, Utilities"
7.080618802703711,0.0871708137564513,0.13580028569351626,0.6419044946133957,-0.40204077850321096,0.64,0.05403881440932978,4.353140743622035,32.05546086586675,0.21682082618829449,300,"Energy, Consumer_Staples, Utilities, Consumer_Discretionary"
7.858494151160512,0.09117497196207691,0.14210502569501116,0.6416027266886295,-0.4166963290173807,0.6466666666666666,0.05403881440932978,5.131016092078836,36.10721061400835,0.21880435610526808,300,"Materials, Technology, Consumer_Staples, Health_Care"
7.7677656713481475,0.09072572797914558,0.14227531538583954,0.6376772227361049,-0.3871470471954463,0.6433333333333333,0.05403881440932978,5.0402876122664715,35.426297236436305,0.23434436252678906,300,"Energy, Technology, Consumer_Staples, Health_Care"
9.558537829174641,0.09886452011490965,0.15539127494373176,0.6362295447457341,-0.48611580180974917,0.64,0.05403881440932978,6.831059770092965,43.960381768967004,0.20337647891068183,300,"Industrials, Technology, Utilities, Consumer_Discretionary"
7.250537940686273,0.0880761492740012,0.13869119795415294,0.635052192015217,-0.4158915254902139,0.6433333333333333,0.05403881440932978,4.523059881604597,32.612450886030864,0.21177673473914935,300,"Energy, Technology, Consumer_Staples, Utilities"
9.519157582271083,0.09870028822222099,0.15612557250106782,0.6321852765122506,-0.4794472451800771,0.6266666666666667,0.05403881440932978,6.791679523189407,43.50139067155674,0.20586266625674288,300,"Materials, Technology, Utilities, Consumer_Discretionary"
9.414882403653628,0.09826255029061759,0.15595464674329246,0.6300713210063029,-0.4533304102470362,0.62,0.05403881440932978,6.687404344571952,42.88044302764307,0.2167570232869901,300,"Energy, Technology, Utilities, Consumer_Discretionary"
7.025094450488886,0.08687101271150888,0.13916245740146058,0.6242417267819612,-0.5431076993287564,0.64,0.05403881440932978,4.29761639140721,30.8820099303744,0.15995172379046635,300,"Financials, Health_Care, Utilities, Consumer_Discretionary"
7.214961845418198,0.08788808955559047,0.14136502458197311,0.6217102838236125,-0.46142162514256435,0.63,0.05403881440932978,4.487483786336522,31.74394656391385,0.1904724112755571,300,"Materials, Industrials, Health_Care, Utilities"
7.212282475912236,0.08787389442888593,0.1413565767475276,0.6216470181350999,-0.5185730584847237,0.6433333333333333,0.05403881440932978,4.48480441683056,31.726888978365142,0.16945325830395902,300,"Financials, Technology, Health_Care, Utilities"
9.95639824814729,0.100491550433357,0.16172668020187597,0.6213665568842323,-0.4466413813139389,0.65,0.05403881440932978,7.228920189065613,44.698377410839605,0.22499381973459082,300,"Energy, Technology, Health_Care, Consumer_Discretionary"
10.040114878833485,0.10082667233561815,0.1624733568121852,0.6205735778092593,-0.48127984179969774,0.63,0.05403881440932978,7.312636819751809,45.0082214292219,0.2094969778052347,300,"Industrials, Technology, Health_Care, Consumer_Discretionary"
9.997474661752646,0.10065628740656196,0.1632828266517518,0.6164536067301236,-0.4742638344559194,0.6333333333333333,0.05403881440932978,7.26999660267097,44.52395118181262,0.21223690295094066,300,"Materials, Technology, Health_Care, Consumer_Discretionary"
5.270794901970889,0.07619979222468487,0.12400090370547882,0.614509974908498,-0.4776073674053639,0.62,0.05403881440932978,2.543316842889213,20.510470221491133,0.15954484253173412,300,"Financials, Consumer_Staples, Health_Care, Utilities"
8.68974297645658,0.09509675055594191,0.1555620493492295,0.6113107339082052,-0.42919495908893607,0.64,0.05403881440932978,5.962264917374904,38.327245895236956,0.22157005468518642,300,"Energy, Technology, Consumer_Staples, Consumer_Discretionary"
8.771450221949554,0.0954646330077562,0.1562364210734733,0.6110267526088686,-0.464834861273526,0.6566666666666666,0.05403881440932978,6.0439721628678775,38.68478374850624,0.20537322167749653,300,"Industrials, Technology, Consumer_Staples, Consumer_Discretionary"
8.744249228957415,0.09534249100017922,0.15676041893291282,0.6082051301545831,-0.4574672969580782,0.62,0.05403881440932978,6.016771169875739,38.38195388116866,0.2084137852785492,300,"Materials, Technology, Consumer_Staples, Consumer_Discretionary"
7.064179839751633,0.08708225897460453,0.14367968566445358,0.6060860905415296,-0.4347038821293871,0.65,0.05403881440932978,4.336701780669957,30.18312408337109,0.20032546879506588,300,"Energy, Industrials, Health_Care, Utilities"
6.209223014992656,0.08221995703059815,0.13642893343045157,0.6026577718025777,-0.503457846385423,0.6333333333333333,0.05403881440932978,3.48174495591098,25.520575939163933,0.16331050875638656,300,"Financials, Technology, Consumer_Staples, Utilities"
6.032205729594972,0.08114429933640221,0.13471609342532018,0.602335602771799,-0.523169746550163,0.6133333333333333,0.05403881440932978,3.3047276705132966,24.53105331728812,0.15510128380220065,300,"Financials, Consumer_Staples, Utilities, Consumer_Discretionary"
8.095809424784514,0.09232947864757945,0.1543094090370595,0.5983399147449607,-0.49889526018112723,0.6533333333333333,0.05403881440932978,5.368331365702838,34.789397478760094,0.18506786096556344,300,"Materials, Industrials, Utilities, Consumer_Discretionary"
6.186646965176239,0.08208419176364301,0.13749015306697512,0.5970186950308914,-0.4445109779626335,0.63,0.05403881440932978,3.4591689060945634,25.159393810620823,0.18466178752179924,300,"Materials, Industrials, Consumer_Staples, Utilities"
8.292747604941926,0.09326580788559635,0.15661819678128844,0.5954979038344991,-0.4951930731310355,0.6433333333333333,0.05403881440932978,5.56526954586025,35.533990687122675,0.18834231120376924,300,"Materials, Industrials, Technology, Utilities"
6.60413642636488,0.08453106415753342,0.1421810063901499,0.5945313393378091,-0.43865207104027265,0.62,0.05403881440932978,3.8766583672832042,27.265655699788134,0.19270640614340703,300,"Materials, Industrials, Consumer_Staples, Health_Care"
6.59404806721076,0.08447347385783854,0.1423880961881631,0.5932621905851491,-0.4990183672080098,0.6433333333333333,0.05403881440932978,3.866570008129085,27.15514928312187,0.16927928791572275,300,"Financials, Technology, Consumer_Staples, Health_Care"
6.405508538563188,0.08338344639614692,0.1407958838591848,0.5922292904495832,-0.5245606408629314,0.6233333333333333,0.05403881440932978,3.6780304794815124,26.123139247167536,0.15895864062346826,300,"Financials, Consumer_Staples, Health_Care, Consumer_Discretionary"
7.969489703605106,0.09171859956575457,0.15507569386686715,0.5914440701744994,-0.47331693897149885,0.6433333333333333,0.05403881440932978,5.24201164452343,33.802922391072514,0.19377840092741214,300,"Energy, Industrials, Utilities, Consumer_Discretionary"
6.969852181288911,0.08657075204929932,0.14672720942105363,0.5900115758412116,-0.4341609065678547,0.6366666666666667,0.05403881440932978,4.242374122207236,28.91334292355529,0.19939785167131172,300,"Materials, Energy, Health_Care, Utilities"
8.027776134946377,0.09200149074833841,0.15607872771902154,0.5894556682571296,-0.5584506048554868,0.6266666666666667,0.05403881440932978,5.300298075864701,33.959131736430386,0.16474418677037,300,"Financials, Technology, Utilities, Consumer_Discretionary"
8.151883633514606,0.09259804622317347,0.15779322073928398,0.5868315875000096,-0.47033657643746735,0.6266666666666667,0.05403881440932978,5.42440557443293,34.376670613723505,0.19687613267194978,300,"Energy, Industrials, Technology, Utilities"
8.452564389517674,0.09401174825201397,0.16042006621315613,0.586034842593177,-0.4672102108074516,0.6566666666666666,0.05403881440932978,5.725086330435998,35.68809355077102,0.20121937850959862,300,"Energy, Industrials, Health_Care, Consumer_Discretionary"
8.52505303952806,0.09434610397878895,0.16108985186911923,0.5856737894044524,-0.4942192227657165,0.63,0.05403881440932978,5.7975749804463845,35.98969713596077,0.19089930061970395,300,"Materials, Industrials, Health_Care, Consumer_Discretionary"
6.497585583784577,0.08391907032876933,0.14336765771038104,0.5853417128310444,-0.41183769477474924,0.6433333333333333,0.05403881440932978,3.7701075247029014,26.29677840115758,0.2037673369715904,300,"Energy, Industrials, Consumer_Staples, Health_Care"
8.733946260872822,0.09529614156903277,0.16326134630119943,0.5837030241881122,-0.48969890537326105,0.6366666666666667,0.05403881440932978,6.0064682017911455,36.79051004951206,0.1946015000715503,300,"Materials, Industrials, Technology, Health_Care"
8.64681737754131,0.09490228541281676,0.1630070191802458,0.5821975390389668,-0.46336650225650033,0.6633333333333333,0.05403881440932978,5.919339318459635,36.31340139969247,0.20481041454369703,300,"Energy, Industrials, Technology, Health_Care"
7.871561452357303,0.09123931077874348,0.15765741234378775,0.5787188145634855,-0.47174675816175743,0.6233333333333333,0.05403881440932978,5.144083393275627,32.628236863728546,0.19340739326810252,300,"Materials, Energy, Utilities, Consumer_Discretionary"
6.04174046734014,0.08120289673698688,0.14033819413092977,0.5786229275633112,-0.4319070887470629,0.63,0.05403881440932978,3.314262408258464,23.616253784528492,0.18801010414659255,300,"Energy, Industrials, Consumer_Staples, Utilities"
8.065541043031716,0.09218384686866132,0.15998174498579196,0.5762147854859828,-0.4700139148439363,0.62,0.05403881440932978,5.33806298395004,33.36670058464556,0.19613003776552043,300,"Materials, Energy, Technology, Utilities"
6.049077330735105,0.08124793488312942,0.14136183102947122,0.5747515739675924,-0.5419827812284185,0.63,0.05403881440932978,3.321599271653429,23.497143800867573,0.14990870134098874,300,"Financials, Industrials, Health_Care, Utilities"
8.347209732433877,0.0935213823356047,0.1630243240375523,0.5736652054086251,-0.46061347425100313,0.6533333333333333,0.05403881440932978,5.6197316733522005,34.47173730993485,0.20303657527100885,300,"Materials, Energy, Health_Care, Consumer_Discretionary"
8.41292294760348,0.09382785850120978,0.1638558377831565,0.5726244470177478,-0.5595796743397773,0.6333333333333333,0.05403881440932978,5.685444888521804,34.697847604586464,0.1676756015341569,300,"Financials, Technology, Health_Care, Consumer_Discretionary"
7.610315202552771,0.08993540941347056,0.15718560977838159,0.5721605784414482,-0.47354239541247556,0.6333333333333333,0.05403881440932978,4.882837143471095,31.064148622481934,0.18992050191225854,300,"Materials, Industrials, Technology, Consumer_Staples"
7.410082655974584,0.08891006117698907,0.15541574338242437,0.5720788592067676,-0.4780720896956765,0.6333333333333333,0.05403881440932978,4.682604596892908,30.129538327212053,0.18597626402659487,300,"Materials, Industrials, Consumer_Staples, Consumer_Discretionary"
8.553742941889055,0.09447776258101226,0.16523223131359766,0.5717877306982617,-0.4572349013675006,0.6633333333333333,0.05403881440932978,5.826264882807379,35.26106762880658,0.20662850167047103,300,"Materials, Energy, Technology, Health_Care"
6.415593113962287,0.08344242047974837,0.14620044734282267,0.570739843798739,-0.41272461318967457,0.6233333333333333,0.05403881440932978,3.6881150548806114,25.226427975506944,0.20217456825479171,300,"Materials, Energy, Consumer_Staples, Health_Care"
7.33053432634313,0.0884961927222867,0.1551457224795649,0.57040691362885,-0.45070878740260034,0.6533333333333333,0.05403881440932978,4.603056267261454,29.6692438160372,0.19634894014887833,300,"Energy, Industrials, Consumer_Staples, Consumer_Discretionary"
6.01572721466502,0.08104284768613979,0.14250160271271883,0.5687153417461626,-0.5309319785365226,0.6266666666666667,0.05403881440932978,3.2882491555833444,23.075173141823583,0.1526426189462703,300,"Materials, Financials, Health_Care, Utilities"
7.51756301648968,0.08946332298923676,0.15733982862367193,0.5685993417675359,-0.4478678700555867,0.64,0.05403881440932978,4.790084957408004,30.44419839089192,0.1997538313657845,300,"Energy, Industrials, Technology, Consumer_Staples"
5.966669540816259,0.08073945922516157,0.1431088764276778,0.5641820496436114,-0.4337899780486486,0.6333333333333333,0.05403881440932978,3.2391914817345833,22.634455406206452,0.18612569056656908,300,"Materials, Energy, Consumer_Staples, Utilities"
7.338809983304342,0.08853942514009239,0.15736755880228123,0.5626281923286015,-0.5402891079425076,0.6166666666666667,0.05403881440932978,4.611331924222666,29.302938669947896,0.1638741626261211,300,"Financials, Technology, Consumer_Staples, Consumer_Discretionary"
7.444364754077641,0.08908726406940293,0.15933155212567277,0.5591313389022617,-0.4498085184462416,0.6266666666666667,0.05403881440932978,4.716886694995965,29.604222340566423,0.19805597363325636,300,"Materials, Energy, Technology, Consumer_Staples"
7.2464355472722985,0.08805450325693709,0.15752094354841176,0.5590018779304405,-0.45211889445087516,0.63,0.05403881440932978,4.5189574881906225,28.687978794399406,0.19475961818380635,300,"Materials, Energy, Consumer_Staples, Consumer_Discretionary"
6.982068866680953,0.08663732560988469,0.156338753231649,0.5541641072288271,-0.5662858121550054,0.6333333333333333,0.05403881440932978,4.254590807599277,27.213923097462587,0.1529922236267683,300,"Financials, Industrials, Technology, Utilities"
9.508011823340725,0.0986536986320774,0.17802776181533836,0.5541478341698597,-0.5008632964016259,0.6333333333333333,0.05403881440932978,6.780533764259049,38.086946075816236,0.19696731491574546,300,"Energy, Industrials, Technology, Consumer_Discretionary"
6.792078695881286,0.08559074757485785,0.15466311397798363,0.5534011657559263,-0.582532239711659,0.6466666666666666,0.05403881440932978,4.064600636799611,26.280349155379145,0.14692877361984882,300,"Financials, Industrials, Utilities, Consumer_Discretionary"
5.88029515384364,0.08020027315568257,0.14511634695894646,0.5526618801834317,-0.5058834896532695,0.6333333333333333,0.05403881440932978,3.1528170947619647,21.72613327741705,0.1585350674532816,300,"Energy, Financials, Health_Care, Utilities"
6.9632345481540066,0.08653464902575458,0.1567666468713427,0.5519965550884874,-0.5600597997251072,0.6366666666666667,0.05403881440932978,4.235756489072331,27.019500471605973,0.15450965962604024,300,"Materials, Financials, Technology, Utilities"
9.555443357045053,0.09885163619428261,0.17944237977044478,0.5508823295853551,-0.5260346336754322,0.6233333333333333,0.05403881440932978,6.827965297963377,38.051018419941755,0.18791849408013483,300,"Materials, Industrials, Technology, Consumer_Discretionary"
6.76183794921757,0.08542190746134559,0.15545605570659127,0.5494923119789649,-0.5723818573393915,0.6433333333333333,0.05403881440932978,4.034359890135894,25.951770561774513,0.14923936942797789,300,"Materials, Financials, Utilities, Consumer_Discretionary"
5.165712240226149,0.07547254999561659,0.13749874475956578,0.5488962835812795,-0.5232016656998925,0.6433333333333333,0.05403881440932978,2.4382341811444737,17.73277410937852,0.1442513564911078,300,"Financials, Industrials, Consumer_Staples, Utilities"
9.415549174614037,0.09826536267790997,0.1798517524702368,0.546368669352675,-0.4951606792012235,0.6366666666666667,0.05403881440932978,6.688071115532361,37.186577409854,0.1984514659694472,300,"Materials, Energy, Technology, Consumer_Discretionary"
5.143313013781274,0.07531599477943063,0.13831039072590784,0.5445432869081086,-0.5158026747302958,0.6233333333333333,0.05403881440932978,2.4158349546995983,17.46676400825952,0.14601706906388578,300,"Materials, Financials, Consumer_Staples, Utilities"
5.506876895959045,0.07779187077559735,0.14289814707274406,0.5443868403415787,-0.5231522034697809,0.6266666666666667,0.05403881440932978,2.779398836877369,19.45020907417702,0.14869835252465086,300,"Financials, Industrials, Consumer_Staples, Health_Care"
6.834852320779713,0.08582849023452876,0.15823238606865442,0.5424205016872412,-0.5369887240412285,0.6366666666666667,0.05403881440932978,4.1073742616980375,25.95786086367879,0.15983294693528627,300,"Energy, Financials, Technology, Utilities"
6.646413570156346,0.0847716119561237,0.15651174987270447,0.5416309767482053,-0.5442474031310741,0.6166666666666667,0.05403881440932978,3.9189355110746704,25.039241553826177,0.1557593320031105,300,"Energy, Financials, Utilities, Consumer_Discretionary"
7.3391918565469485,0.08854141906941204,0.16361201861023533,0.5411669620698208,-0.5625608762000369,0.6333333333333333,0.05403881440932978,4.611713797465272,28.186888937856857,0.15738993381034241,300,"Financials, Industrials, Technology, Health_Care"
7.138344097134061,0.08748040916550992,0.16205340083394354,0.5398245807574954,-0.5839309672181069,0.6333333333333333,0.05403881440932978,4.410866038052385,27.21859594031111,0.14981293008362526,300,"Financials, Industrials, Health_Care, Consumer_Discretionary"
5.481476283607989,0.07762326145874976,0.14380084684917308,0.5397969703208054,-0.5115140672594607,0.6,0.05403881440932978,2.7539982245263137,19.151474312351386,0.1517519584058205,300,"Materials, Financials, Consumer_Staples, Health_Care"
7.3177382023036355,0.0884292639437072,0.16412742667937147,0.5387841979418637,-0.5560421480704779,0.63,0.05403881440932978,4.590260143221959,27.967660470234442,0.1590333830817783,300,"Materials, Financials, Technology, Health_Care"
7.235216898985371,0.08799525594360591,0.16415571502626025,0.5360474713264121,-0.5317037112589025,0.64,0.05403881440932978,4.507738839903695,27.460139533872365,0.16549678717732022,300,"Energy, Financials, Technology, Health_Care"
7.104939021523826,0.08730150726229358,0.16291763224939612,0.5358628532524427,-0.5735191029202042,0.6266666666666667,0.05403881440932978,4.37746096244215,26.86916635113555,0.15222074873840802,300,"Materials, Financials, Health_Care, Consumer_Discretionary"
7.035261276526914,0.08692605662203978,0.1625394648933284,0.534799697286365,-0.5444622232616518,0.65,0.05403881440932978,4.3077832174452375,26.50299864265183,0.15965489047394532,300,"Energy, Financials, Health_Care, Consumer_Discretionary"
5.384449115262846,0.07697330164963434,0.1452921048619845,0.5297830995204634,-0.48480904443016226,0.62,0.05403881440932978,2.656971056181171,18.28709866035098,0.15877034996347414,300,"Energy, Financials, Consumer_Staples, Health_Care"
6.37494196585555,0.08320422248481041,0.1575601690852435,0.528079037791557,-0.5487241652632797,0.6366666666666667,0.05403881440932978,3.6474639067738743,23.149657225872335,0.15163214553324572,300,"Financials, Industrials, Technology, Consumer_Staples"
6.364229165653663,0.08314124029949177,0.15777973984468124,0.5269449701294742,-0.5418885432996189,0.6233333333333333,0.05403881440932978,3.6367511065719875,23.049544321419305,0.153428673345326,300,"Materials, Financials, Technology, Consumer_Staples"
6.720157734554149,0.08518816056292766,0.16192055089686813,0.5261108617224657,-0.49833374322435325,0.61,0.05403881440932978,3.992679675472474,24.65826390385447,0.17094600099069626,300,"Materials, Energy, Industrials, Utilities"
5.0135950880963716,0.07439843560637804,0.1414683576130896,0.5259015999171691,-0.4904594734398612,0.6166666666666667,0.05403881440932978,2.286117029014696,16.15991779071286,0.15169130098472974,300,"Energy, Financials, Consumer_Staples, Utilities"
7.151099323847966,0.08754853425051556,0.1666681010456558,0.5252866847419903,-0.4798684463457371,0.63,0.05403881440932978,4.42362126476629,26.541499165185282,0.18244278180240742,300,"Materials, Energy, Industrials, Health_Care"
6.184119081409887,0.08206896438419786,0.15642468846341567,0.5246548047522052,-0.5657404735770913,0.6233333333333333,0.05403881440932978,3.456641022328211,22.097797069524894,0.14506468640167855,300,"Financials, Industrials, Consumer_Staples, Consumer_Discretionary"
6.2777424176254195,0.08262952602804963,0.1582252114450208,0.5222273067194558,-0.5169655288315049,0.63,0.05403881440932978,3.550264358543744,22.438044646111088,0.15983565909088138,300,"Energy, Financials, Technology, Consumer_Staples"
6.1626560722960075,0.08193946861440504,0.15700271719109718,0.5218984109343262,-0.5547491770951095,0.63,0.05403881440932978,3.435178013214332,21.879736062358564,0.1477054351724741,300,"Materials, Financials, Consumer_Staples, Consumer_Discretionary"
6.087823807822727,0.08148504057512018,0.15702948958531215,0.5189155284800845,-0.5246168033309602,0.6433333333333333,0.05403881440932978,3.3603457487410515,21.39945660917033,0.15532297108622056,300,"Energy, Financials, Consumer_Staples, Consumer_Discretionary"
7.962260142289887,0.09168338819032096,0.17917100599311586,0.5117088430805798,-0.5652791302139201,0.6366666666666667,0.05403881440932978,5.234782083208211,29.216680758098455,0.1621913551905321,300,"Energy, Financials, Technology, Consumer_Discretionary"
8.026595832802048,0.09199577960719285,0.18006771255939716,0.510895475372061,-0.5981332531575875,0.6266666666666667,0.05403881440932978,5.299117773720372,29.428472758393067,0.15380482379392998,300,"Financials, Industrials, Technology, Consumer_Discretionary"
8.011769819884567,0.09192397968814281,0.18032101260764208,0.5097796333262551,-0.5884931180832031,0.6266666666666667,0.05403881440932978,5.2842917608028905,29.304913966410037,0.15620230188511106,300,"Materials, Financials, Technology, Consumer_Discretionary"
8.14237539352474,0.09255261789778335,0.18169270028959872,0.5093909537932145,-0.5129743653125282,0.64,0.05403881440932978,5.414897334443063,29.802503489751082,0.18042347562805783,300,"Materials, Energy, Industrials, Technology"
7.933963583610268,0.09154530786397985,0.17994955572232793,0.5087276125607073,-0.5152845190652858,0.6366666666666667,0.05403881440932978,5.206485524528592,28.93302794568988,0.1776597287068529,300,"Materials, Energy, Industrials, Consumer_Discretionary"
6.178817173441861,0.08203701021820531,0.16172406931354147,0.5072653103920889,-0.4793332567206793,0.63,0.05403881440932978,3.4513391143601857,21.340911894004627,0.17114817106464728,300,"Materials, Energy, Industrials, Consumer_Staples"
5.796130044384134,0.07966859067885523,0.15821939905347795,0.503532380703376,-0.5773771163213045,0.6233333333333333,0.05403881440932978,3.0686519853024588,19.394916196497867,0.13798363050211446,300,"Materials, Financials, Industrials, Utilities"
6.111449083956227,0.08162900347821034,0.1650692836999067,0.4945135863472368,-0.5737821408358111,0.6166666666666667,0.05403881440932978,3.3839710248745516,20.50030719844012,0.1422648034309744,300,"Materials, Financials, Industrials, Health_Care"
5.659800099424978,0.07879381469266789,0.16057865463823,0.49068672838356764,-0.5548484522208373,0.6233333333333333,0.05403881440932978,2.9323220403433026,18.26097028244242,0.14200961429609765,300,"Energy, Financials, Industrials, Utilities"
6.013617034170853,0.08102983962656074,0.1659746205522862,0.4882062050024949,-0.550052197661717,0.63,0.05403881440932978,3.286138975089177,19.799044963347033,0.14731300042254214,300,"Energy, Financials, Industrials, Health_Care"
5.595637318489142,0.07837614125574155,0.16278244043256887,0.48147786117144586,-0.5489765738312308,0.6133333333333333,0.05403881440932978,2.868159259407466,17.61958631278522,0.14276773361887815,300,"Materials, Energy, Financials, Utilities"
5.943889069986287,0.08059787950138264,0.16821158402634737,0.47914583271957306,-0.5438621697949808,0.6166666666666667,0.05403881440932978,3.216411010904612,19.121221820257148,0.14819541416488952,300,"Materials, Energy, Financials, Health_Care"
6.958956958672024,0.08651129696720972,0.18079170308657078,0.4785136457605271,-0.6006817891698933,0.6233333333333333,0.05403881440932978,4.231478899590348,23.405271521581582,0.14402184072662366,300,"Materials, Financials, Industrials, Technology"
5.273427782911735,0.0762178628844501,0.15967488214970954,0.47733157437366386,-0.5602085247841581,0.63,0.05403881440932978,2.5459497238300597,15.944584956342746,0.13605266523535314,300,"Materials, Financials, Industrials, Consumer_Staples"
6.874284592384824,0.08604655987623344,0.18081760202451957,0.4758749088186956,-0.5785357879398877,0.6266666666666667,0.05403881440932978,4.146806533303149,22.933644108059934,0.14873161119839667,300,"Energy, Financials, Industrials, Technology"
6.746856384719364,0.085338028343251,0.1799565167405905,0.47421471524849973,-0.6110559941742018,0.6133333333333333,0.05403881440932978,4.019378325637689,22.335275201129125,0.13965664220114427,300,"Materials, Financials, Industrials, Consumer_Discretionary"
6.673764965927184,0.08492655619808653,0.1796144464597182,0.47282697952212244,-0.5843544563211706,0.63,0.05403881440932978,3.946286906845508,21.970876979155097,0.14533397543118853,300,"Energy, Financials, Industrials, Consumer_Discretionary"
6.814796103506498,0.08571717012251545,0.18235406176075192,0.47005901209360595,-0.5731488446752516,0.6033333333333334,0.05403881440932978,4.087318044424823,22.414187021440597,0.14955481620325542,300,"Materials, Energy, Financials, Technology"
5.175749453974413,0.07554252615689383,0.1610194363416252,0.46915159978960447,-0.5358923383596107,0.6366666666666667,0.05403881440932978,2.4482713948927377,15.204819061087685,0.14096586338243372,300,"Energy, Financials, Industrials, Consumer_Staples"
6.604311118319156,0.0845320607559703,0.18146977334257014,0.4658189581600162,-0.5767035784732893,0.6233333333333333,0.05403881440932978,3.8768330592374807,21.363519597938645,0.14657800629528348,300,"Materials, Energy, Financials, Consumer_Discretionary"
5.12107201413617,0.07516000232444386,0.163018836585103,0.4610510288190349,-0.5294052921908473,0.6166666666666667,0.05403881440932978,2.3935939550544947,14.682928704407319,0.14197062899278526,300,"Materials, Energy, Financials, Consumer_Staples"
5.6164027187226875,0.07851174083559487,0.18522848300321168,0.42386429755640526,-0.5897016165573196,0.6033333333333334,0.05403881440932978,2.888924659641012,15.596546561313255,0.13313807971893774,300,"Materials, Energy, Financials, Industrials"
