Date,Materials,Energy,Financials,Industrials,Technology,Consumer_Staples,Health_Care,Utilities,Consumer_Discretionary
2000-02-29,-0.08036094369978675,-0.022225933693191258,-0.08693782275336814,-0.03506401938343762,0.12517618334514147,-0.0969059049954808,-0.045278244577210525,-0.1014294797092462,-0.03560676313810962
2000-03-31,0.004173453014471695,0.027703525257616324,0.08590415506237958,0.04248684959887328,-0.012827349140589916,-0.05912664974684545,-0.006769801651126173,0.012517587498509952,0.044797310542314506
2000-04-30,-0.0024246527838190923,0.01587015473614073,0.040454599398671465,0.045241835288390875,-0.061051744511414374,0.08381465179305192,0.0190788905895819,0.09625428897331434,0.009973365098489229
2000-05-31,-0.009641497537948518,0.13933910990988352,0.04423651059961675,0.017695816963726685,-0.08206198471108694,0.09324353569449473,-0.004889292131726397,0.01972059272453952,-0.03206536273718974
2000-06-30,-0.1094452575626379,-0.07894948050232864,-0.07243508679373578,-0.06326513405507139,0.07562289683782697,0.03267939120789398,-0.02181490250258178,-0.05790167148147651,-0.07803511424634113
2000-07-31,0.02509231835997816,-0.021763779664613292,0.104498713062121,0.03181128614634321,-0.03671551994133371,-0.02019135971787489,0.0015420047125970227,0.031824087968925,0.03221413897397796
2000-08-31,-0.03782799023519434,0.048509012337345725,0.04087296530650586,0.038321327829289986,0.04100602433295353,-0.07291035762447051,-0.025291130498652725,-0.02173884324711306,-0.10216502778023151
2000-09-30,-0.044549631215951346,0.0699241091898748,0.07522304023062776,0.024441182251332405,-0.12617432456675726,0.09777929296823595,0.017213309573786417,0.18562630493200194,0.05470803040387939
2000-10-31,0.09265366033447409,-0.02223263973808509,-0.0036715978267394256,0.027443916017092285,-0.05232832436401247,0.07436828785559224,0.020003369566482077,0.06303343149566643,-0.0076057538562938065
2000-11-30,0.054771632361678035,0.027617766190897175,0.02898167125329154,0.04606854684291861,-0.1250775445352983,0.11457085568226777,-0.011033215764392978,0.07961034410111045,0.055274661267431635
2000-12-31,0.13683604437155417,0.09804182305015963,0.08127469464886428,0.03545280361834213,-0.10297466420549406,0.032322303501012506,0.012447479007955398,-0.017699140694780957,0.0664172415683566
2001-01-31,-0.061332485122363445,-0.06650120431862083,-0.03700963489625375,-0.03079643404091903,0.15658148035716146,-0.10754690854723281,0.037656881440507606,-0.09090797689432006,0.0816518676772815
2001-02-28,0.10524035725785807,0.08015265841352259,0.025012384032301105,0.032360791757057306,-0.1567709693414826,0.09833332778768067,0.07312550802848838,0.11304419855866688,0.020887178889410718
2001-03-31,0.014124120684253616,0.03437235600748767,0.03425243370905051,-0.03156519210258946,-0.050397812889400706,-0.005153144444576041,0.0001744510086587603,0.04986926714304396,0.04962271926310091
2001-04-30,0.02984589054396558,0.026442451142625112,-0.04064210741262397,0.03751401070852589,0.0848797333860083,-0.057396241527200464,-0.002988499052404947,-0.02855620585758878,-0.030436435634172865
2001-05-31,0.033371219722071466,-0.014538088210947597,0.038909351357408584,0.03675973138204136,-0.0460480068846254,0.00959233833713835,0.033103710539780895,0.0019221739872481436,0.01871912747611315
2001-06-30,-0.009477526090930444,-0.06609553391318279,0.017879271002209762,-0.03675276643903014,0.044579167860472224,-0.021217358999387814,0.013739099572316893,-0.025139683454744932,0.017160939310099876
2001-07-31,0.008020713725267914,-0.0007921601086208208,0.00123364855148278,0.008664629691919279,-0.05848223875437941,0.04118020438262249,-0.009226067040656538,0.0017508089061070153,0.05519257959681456
2001-08-31,0.060017573010960446,0.021774901907964828,-0.002013183556413889,0.029780560230930342,-0.05793592259277125,0.06889868115073783,0.013348879971230021,0.028475793152809903,-0.023435439353163057
2001-09-30,-0.0367215648779482,-0.014509389399477435,0.025377631063070782,-0.06479507865050893,-0.08204742563042267,0.08051758488538363,-0.0630691478979789,0.07216486250588627,-0.044592551262579105
2001-10-31,0.008984395003121204,0.02217947851699087,-0.032280623781714146,-0.0003552609841528387,0.09099255430714037,-0.024483122872736574,-0.012992336286035133,-0.0707301551278201,0.03457842588495419
2001-11-30,0.05159875686708726,-0.1310209494841278,-0.010235708075523098,0.024865538772237183,0.07423817942086086,-0.03099913155756684,0.040827617464693544,-0.08780257411007264,0.057992575648678546
2001-12-31,-0.03752283034897497,0.049603919139751707,0.011904180149227894,0.03770907221867148,-0.029578504439803588,-0.027203455221193384,0.016619925946190328,0.024473304902640658,0.03786045507815605
2002-01-31,0.03891635382380909,-0.020006700153083146,0.004167163108150684,-0.047602800442831716,0.004740091505567201,0.008881609515380195,0.008152691298727532,-0.020459018789037997,0.048440601436948505
2002-02-28,0.07368636031372866,0.0549408448249632,0.0034587869526425674,0.04581374407491412,-0.1093938533099198,0.04177261657671172,0.06674775229214858,0.018915822707919583,0.026182986074744785
2002-03-31,-0.005988285690158079,0.05178550482519606,0.02942144049009321,-0.009684107327865288,0.012655992837385277,-0.020612372004968238,0.021274716807038185,0.016582507467273633,-0.024016130521689938
2002-04-30,0.014180330266789776,0.025418672526730024,0.03600299194727763,-0.007598766968538007,-0.05948656571596267,0.024252807370999774,0.055334311263981806,0.0007366430652946399,0.03345423489674226
2002-05-31,0.058660768447358014,-0.008512436773549292,0.006057829237033907,0.013418983973325749,-0.032388808814116654,-0.002060575305262713,0.0230225164020611,0.0007702504095620233,0.0039443891934485276
2002-06-30,0.05542375862188986,0.03582860977133717,0.029682646005631863,0.011124149752401169,-0.06117009789946759,-0.029443859316100607,0.0009247900860497316,0.005196458637037327,0.01978507368509408
2002-07-31,-0.03440634600878645,-0.059545092253308285,-0.004130000515841448,0.022400811392120024,-0.015812655313477975,0.03630740949222622,0.05010250163541907,-0.0682125604338436,-0.04039840415066076
2002-08-31,-0.010231445676622597,0.010183047004618473,0.013773874869483116,-0.020436693485640145,-0.013260933588319923,0.0030995492067085184,0.004791180985095567,0.03477129906648346,0.025296000741529934
2002-09-30,-0.01976821830917508,0.03866824462841911,-0.004912178334737782,-0.005374619271515391,-0.05687717199811393,0.03774087165790674,0.04808114266250785,-0.011022145595268373,0.020874291638605325
2002-10-31,-0.029354385533955307,-0.06801718333476692,0.004988881873888351,-0.03726852335258424,0.16122686071390646,-0.047540320190673446,-0.02813429020768421,-0.10947984348405881,-0.018959126375351687
2002-11-30,0.06325076960165088,-0.015770323402159336,-0.019835514606655558,-0.004823356732879036,0.10146670840979555,-0.08479332507725268,-0.02616877357241254,-0.028012925864600247,-0.010788655136788616
2002-12-31,0.014529912720617433,0.06056421151359681,0.006144344215008979,0.02105261628036459,-0.0718337709854161,0.06315475359418732,0.022750838238831284,0.09273265196146874,-0.024863919124739065
2003-01-31,-0.022484592943491366,0.002336881004886937,0.014687315908853082,-0.026495227572894686,0.0037659217867954675,-0.006687873533646083,0.02402479359607934,0.003916301822981749,-0.005903975797667549
2003-02-28,-0.009521566913764157,0.04640148763176788,-0.013843684842009485,0.0016034814094850747,0.021847729966258833,-0.013629968067693121,-0.0052937713355656335,-0.03647217656838253,0.012527035631099803
2003-03-31,-0.0021821590673043456,-0.007136517192686931,-0.017699702235741355,0.00226818803731188,-0.023508946794948637,-0.008238136879440638,0.0272897692817744,0.04230022638505493,0.01515050247634675
2003-04-30,0.009270994832028645,-0.08955698324597194,0.044678767749600556,0.02719006294456694,0.010563965220484084,-0.051426328166306545,-0.04811043093244782,0.005368829955324506,0.03598189286526288
2003-05-31,-0.01996081867983235,0.05529195613175286,2.101616583916055e-05,-0.023796409938148688,0.034943797610437866,-0.0017358559140396856,-0.03024637340901104,0.05015183573948212,0.00227238591306711
2003-06-30,-0.002299006545589899,-0.024163882709622442,-0.007086680554166502,0.009564398908073146,-0.004242576933875641,-0.0017801375852579682,0.03284229182572629,0.0022484189776799113,0.003174225892784488
2003-07-31,0.06240597333356268,-0.051566567843555955,0.027361030975798784,0.016827067086919056,0.014824797966474623,-0.01771122712523021,-0.03122479797103339,-0.0831319369184691,0.00223361088872287
2003-08-31,0.009854639480292526,0.045919836508966805,-0.029582058115818044,0.02103734377875366,0.029854237319380417,-0.0009830406526762925,-0.05491041539056063,0.0019912924870797433,0.0332319441587019
2003-09-30,-0.033098913630997595,-0.008675437934772878,0.020809737091887603,-0.015408968702411707,0.0032674005858046584,0.00801131065661742,0.014546866407276982,0.06166653867917549,-0.0357774304393661
2003-10-31,0.040320351631087714,-0.045397936713409415,0.014303144839894033,0.006867183312318836,0.0183423393654627,-0.009685571808511373,-0.0481295619373967,-0.048111949477667615,0.036045886897202006
2003-11-30,0.015456548677123205,0.0006969357919868191,-0.010809697658683448,0.012685197286372407,0.0071430718878287,0.004641301703403045,0.014299964755509764,-0.004860951239814337,0.0018449383144427678
2003-12-31,0.047264434771836505,0.08015903876941932,-0.005409224099343524,0.015510439796171838,-0.019409640254236304,-0.032976806345715426,0.00710247657180485,0.014754410808204277,-0.010713081063640884
2004-01-31,-0.061488003300350536,0.005227795660376344,0.015428599528919618,-0.007186985007539892,0.025412389233042676,-0.017276386950755285,0.01025294793209408,0.0032982352992294572,-0.0229929047415095
2004-02-29,0.03992760659735217,0.04032941764319098,0.016362718435297907,-0.019607961465705648,-0.037620723434695136,0.04472380635050599,-0.0015568082038486253,0.006690645809684925,0.009509876458926758
2004-03-31,-0.006698985517764822,0.010107709976892476,0.00474515596000924,0.004126638455959952,-0.010198276213468915,0.013881428822298814,-0.0253308074142079,0.027020023734079857,0.010187349998050488
2004-04-30,-0.029516156470454025,0.033831895169353365,-0.02674661640777143,0.016411931614557895,-0.021404137105570875,0.029902223354733803,0.04786271935875319,-0.02597209662859834,0.005452464684248981
2004-05-31,0.016005890023994773,-0.015099198546508319,0.004986191464088741,0.012537938712940955,0.027112695841546408,-0.0176920682722973,-0.015323649332304345,-5.6362166976242634e-05,-0.005712391663844185
2004-06-30,0.03218633411338967,0.044375734895266916,-0.013566341346968658,0.043736321886480356,0.00930619406231803,-0.01250221589866718,-0.02172332955174816,-0.0006705706395717659,-0.015404787677468779
2004-07-31,0.011512337568632791,0.06510432878932049,0.012946959103753541,0.006377166960973013,-0.026579246164006642,-0.015081331633957418,-0.019374906461377184,0.04944200509069274,-0.003647900262958692
2004-08-31,0.014525844007833077,-0.017695778518485805,0.030246739753973184,-0.0015700135045675356,-0.046526300509436846,0.015480286621627704,0.013964378288079837,0.038343023391381514,-0.004259460178041019
2004-09-30,0.030825557540351545,0.08826632622707198,-0.01856698803415735,0.012133981963120322,0.019700036417045208,-0.03570172683769035,-0.0268493331586257,-0.003016510397701122,0.019473339802944745
2004-10-31,-0.023451888161917123,-0.00800239460330987,-0.00874391747970038,-0.0037963653479775594,0.029918694329766682,-0.0075504333347449215,-0.036243903741959294,0.03468851141642948,0.026370304697964864
2004-11-30,0.04275324131973157,0.02884961081137072,-0.007486590837448848,0.024188374981037652,0.012507029442072382,-0.013824414976470134,-0.019057358108407696,0.0059428815812696545,0.0033029774517321364
2004-12-31,-0.01908651996333144,-0.06066605440461814,0.00888621275695356,-0.007627682391457169,-0.006292208189954573,0.004932182296397025,0.022686591784001786,-0.00782887170060409,0.014256626902357628
2005-01-31,-0.005318386253456597,0.0591565202429809,0.003671692715562558,-0.002710800736747232,-0.031080979114588847,0.03698879424633472,-0.005845518652660475,0.046475393702394285,-0.017498200930384566
2005-02-28,0.059861900501306575,0.14887228574699107,-0.02559823709014175,-0.0073138992443808615,-0.01739716340476627,-0.020187460428075066,0.011181557166778822,0.0025453400608823618,-0.02423210812423171
2005-03-31,-0.007460740076103978,2.480324950115964e-05,-0.018929700323227827,0.018679255164382735,-0.0004314636071329758,0.010354321480205653,0.013537483882794854,0.030176287951963587,0.0074322467466161335
2005-04-30,-0.05117800851700138,-0.034008722818017034,0.02186929878223387,-0.01636889377846862,-0.015167711194299827,0.009683009811833343,0.05493740525499746,0.050983374964279515,-0.043522108085938926
2005-05-31,-0.036378255642795954,-0.002085093434592844,-0.00041611428601662226,0.0017674633910413906,0.039469957345719564,-0.006686207853473514,-0.017330644104671666,-0.030617512580061956,0.03188326191895419
2005-06-30,-0.01987458419692656,0.06993507609124805,0.012607667526500332,-0.026199553282330923,-0.012740680466843513,-0.019177509300044027,-0.005144595476114122,0.05967708199675004,-0.004167671757982494
2005-07-31,0.019300851335903424,0.03489774688780689,-0.02035908994315694,0.002153296852349884,0.020758369263271792,-0.003880030035926074,-0.013409544316669297,-0.013471726770603043,0.020773016255621002
2005-08-31,-0.03067734847894954,0.0750873353073156,-0.005149987088010954,-0.01238459931201441,0.0017209583764037362,-0.006239845345711759,0.007755672718757656,0.017730233791742878,-0.021687657942667693
2005-09-30,0.0007495251418254689,0.05591493037309325,0.0016098114541498454,0.009808006461229368,-0.004550490761705772,0.007196239145869754,-0.012490648069430232,0.03533317615577336,-0.03537002520842325
2005-10-31,0.019922550954177165,-0.07262597224755263,0.048228197233618486,0.003484135000401789,-0.005226890042723142,0.013015865729651743,-0.012881008250167025,-0.04624719202252725,-0.002573071005506522
2005-11-30,0.04137431193973029,-0.02023292819293565,0.012480079711312708,0.02300349283043146,0.027988125492993232,-0.026123214060983946,-0.023011093545897587,-0.03677595128835298,0.0047131207046970935
2005-12-31,0.02956336877340371,0.0189473093042819,0.0011560303445027342,0.005682265314319923,-0.029761595735380064,0.002121836346328343,0.035552620414717295,0.0095445779905462,-0.007605896449704108
2006-01-31,0.022748729167071158,0.12062749806571893,-0.016625910494541873,-0.022602090057595614,0.008025343085837466,-0.02374958682308237,-0.012541476851657185,-0.0012555567743435248,-0.007702635226734422
2006-02-28,-0.02187675612221296,-0.09271796943655142,0.020830730035880762,0.030647524401052673,0.0018619612148993436,0.008119509482578113,0.011062646215331595,0.012610854655200399,0.006769454403391828
2006-03-31,0.035542842322555,0.031341337030410976,-0.00819800940442339,0.033133548831135284,0.01153661666443262,-0.002849436635490088,-0.023870231046565382,-0.05741169723753259,-0.005212002285550188
2006-04-30,0.023392595653980663,0.03821200966296745,0.031162594410671263,0.009442113362032156,-0.025254141745278624,-0.002410023331511413,-0.043112509310749614,0.003738319647512034,0.0006190544539528275
2006-05-31,-0.009381414691541967,0.00309091745902923,-0.006774699123327399,0.013830003132947133,-0.03407112327801398,0.03301506895640782,0.009942370348949736,0.047200174116365345,0.014196302844835418
2006-06-30,0.005074589246819139,0.025294937035956533,-0.00471161453642821,-0.0013712672422065975,-0.004981576380843622,0.018318174815917354,0.00026241188871467536,0.02285790165663859,-0.001836417509010202
2006-07-31,-0.042469070897154126,0.02839459781469933,0.017796158630765557,-0.06187384744576041,-0.03115587390196528,0.010622751004051967,0.04947832395736795,0.042916829396748124,-0.03832927377792006
2006-08-31,0.008822628642894736,-0.07208397705367009,-0.00948480785422956,-0.009985358338805428,0.048927716897698925,0.017391132295127898,0.007261051178429012,0.0062081130993880684,-0.0014473983885316954
2006-09-30,-0.024704673262970656,-0.061155429003492245,0.01568690072732637,0.01361352183224307,0.01576992059878446,-0.02507036414784669,-0.009220177521574557,-0.03911139462205382,0.039140413849695355
2006-10-31,0.028542554182944713,0.011148843052072976,-0.008111291922278552,-0.003313533873126051,0.008037246004660492,-0.013777097319950915,-0.02819368813086398,0.02144890728259874,0.0331555468802156
2006-11-30,0.027063594916612033,0.06930363655202054,-0.009410484852990786,0.008037208610740976,0.011955293888475937,-0.02498384652647767,-0.01766789530824675,0.010077568257838676,-0.00383531256424563
2006-12-31,-0.006299258982364275,-0.04078890216180553,0.02501844997056013,-0.007689020747379205,-0.018002712874994664,0.012471672788973764,-0.002163242769712248,-0.004078223007643933,0.009069153842426791
2007-01-31,0.026412033676826763,-0.023269370266647438,-0.004804845607945696,0.006791941199755014,0.00614700481800412,0.006232725782156612,0.016398071966353678,-0.017599770745614807,0.014616352811936295
2007-02-28,0.048605004314060674,0.0013607868239610132,-0.008628591016641374,0.010653948539440683,-0.005123366581748279,0.006461675492515528,-0.0013357434588942008,0.0748663364413773,-0.008057268949025143
2007-03-31,0.013631813779527047,0.05289777116032335,-0.014708333843448718,-0.0018607161497419256,-1.913665130892639e-05,0.010683609308559383,-0.008027454825035862,0.02594841641372647,-0.014707256198780216
2007-04-30,-0.028310016431629892,0.00796995147963675,-0.004559297663565776,0.0031235412753307656,0.0038790603621130515,-0.015148297824047363,0.029814952006175233,0.00582804393469738,-0.019624933150216073
2007-05-31,0.026487168694459218,0.045248317162577045,-0.008501698673412106,0.019332047519158513,0.017819125700385463,-0.019045548981521776,-0.015380010458917015,-0.027987750278307688,-0.002495262690166644
2007-06-30,0.012497604268725482,0.030851762116036796,-0.022348038242610113,0.018085957531373542,0.016568138711789193,-0.0021098164243952278,-0.015660757917543844,-0.02965587384566548,0.0003468265607681209
2007-07-31,0.0053148735470592845,0.03212670024527009,-0.05867602963920271,0.041459339829566844,0.03002884256763072,0.003516434430237525,-0.015596888248979535,-0.007937066080927146,-0.027260141539765192
2007-08-31,-0.019712648801096022,-0.000834424642662146,0.012973250891051835,-0.012609853739131927,0.006314438416181067,0.010728803572605194,0.010032901114538584,0.0029256674728308507,-0.006647960489657656
2007-09-30,0.04474370233495972,0.03819671823911275,-0.0113820772768769,0.011585060397225178,0.0019903106023966277,0.010148792211364555,-0.004594717949612637,0.0025681852569496844,-0.04459035017940749
2007-10-31,0.02673473985416064,0.010578941793855101,-0.03201340455679502,-0.0277244604427217,0.038199553204143255,0.0005454061337877292,0.0038475521510941135,0.05176068740409612,-0.01970993443102176
2007-11-30,-0.006344021021134294,0.0019313559640017353,-0.03689331778069338,0.015683338054745755,-0.03130874782912352,0.07149859294042393,0.05681761477928471,0.050639073961868064,-0.01052668571418558
2007-12-31,0.019351062445264966,0.09144148285683007,-0.04964328742532742,0.007293971429872981,0.028541582457801806,0.0003297337876250195,-0.019647289150728442,0.006816559825690072,-0.040902574594901986
2008-01-31,0.01919675666030385,-0.0617101168251194,0.06842191229081984,0.006005028841096438,-0.06674335753896643,0.00560737788833765,0.015566977800215986,-0.012306992017213747,0.05749345535361605
2008-02-29,0.05779002246744813,0.1274342372746573,-0.07882824889703066,0.014491196171298348,-0.012550464714007448,0.03218806553667397,0.008055310585451725,-0.006289785746573351,-0.003912997063211909
2008-03-31,-0.008099053431621428,-0.017403555645247093,-0.023441449210184206,0.04226642272189873,0.017520411089851695,0.038358048298615666,-0.039482000234997816,0.02201309672487306,-0.011905022030608836
2008-04-30,0.005727060772695136,0.05628814526307546,0.022417352325390105,-0.01813531202159946,0.014953281981107125,-0.05508427848067676,-0.03760119218675673,0.0035864053683503094,-0.023783602064241682
2008-05-31,0.0413230285626458,0.04131343647801944,-0.08019734176185855,-0.0018432321538353058,0.0544518998752237,0.01970535231949655,0.00838572846545671,0.025183756153822845,0.01667098540155143
2008-06-30,0.027799024929123783,0.11751706061644374,-0.08853137158239821,-0.03429289575718486,-0.007711373504959762,0.028967712147941693,0.04365274197738467,0.07849900263159604,-0.02938081354008526
2008-07-31,-0.022491149263930033,-0.14927278753012285,0.07748053973280777,0.017798617232739566,-0.01458424771934197,0.03415811664235879,0.05466006654376465,-0.0545136393021074,0.01161505243804295
2008-08-31,-0.027792053360868874,-0.008830148132639826,-0.02189940654503919,0.015230667376499696,0.005706642361502201,0.014816480482290784,0.008466975434802793,-0.023220473143597098,0.05685935668069919
2008-09-30,-0.06398415340961128,-0.058516935379356205,0.028264167400262608,-0.029926044098362747,-0.03368832911145747,0.07827937446103028,0.016480637307812462,-0.019033924182522033,0.008769055463454745
2008-10-31,-0.05452744269885046,-0.018569426544812195,-0.04978114359812902,-0.013042932826218934,0.008215378338967905,0.04333780840957424,0.05461553853546375,0.039422004567476354,-0.0069195268851200975
2008-11-30,-0.03201810278356476,0.053059634441875225,-0.10995451530173406,-0.00735900174049009,-0.009234953824235559,0.07277600444239529,0.011691471619907134,0.11670253413994114,-0.03350550319699108
2008-12-31,-0.013579415277306328,-0.05281350821832065,-0.004114068883769084,0.015439743455289756,0.008076950977142339,-0.007661589926465817,0.06407859236692093,-0.03183117238272748,0.05288639882705182
2009-01-31,0.011778816828457717,0.06786333154657542,-0.17632371073031827,-0.0343257947686163,0.03828539248649099,0.013600366601937086,0.07360503892032533,0.08393534745301079,-0.02050831320694091
2009-02-28,0.029684035520378127,-0.01347005051755934,-0.06755835799474286,-0.06037424718480022,0.07178395771278168,0.029118320614992643,-0.013972597161629352,-0.015328273734758535,0.019163701319120707
2009-03-31,0.06819071676004307,-0.0477623811775445,0.08543382643381547,0.0027677187514525414,0.0264049514784106,-0.04292088332035138,-0.025346359197790713,-0.0663805343355337,0.0415710250737773
2009-04-30,0.061860777044433934,-0.015733943034135,0.12400872276857755,0.08675861266854801,0.01042881161685294,-0.05127055096804556,-0.09516456470432033,-0.08218331692552883,0.09131704892858505
2009-05-31,0.005353019122453118,0.07579590282429982,0.08671353717657859,-0.019533647241374075,-0.029893776222087,-0.002172364713610042,0.015157134502391756,-0.017491400412150027,-0.06038077106923079
2009-06-30,-0.04556842911767478,-0.06568432683870429,-0.01805170268964451,-0.017237936768909945,0.03620160405613282,0.0017929908751919132,0.023505170606675785,0.05352032934299822,0.002337736134889301
2009-07-31,0.054540456336751975,-0.020656036875376316,0.01456138038365351,0.01328974778350478,0.007680935845778336,-0.007590989129577341,-0.014848312330866476,-0.03649346594041769,0.020746268513903043
2009-08-31,-0.009864930195194521,-0.022694572113706624,0.09634003281188552,0.014178739869938672,-0.017316420365067087,-0.021325591238435804,-0.006649552251408286,-0.023540240171925797,0.0016592556697172522
2009-09-30,0.006493714803065487,0.022699748108005124,-0.016246693959502734,0.02261489294576413,0.010600528512587193,-0.002613350699614214,-0.02957160145600146,-0.021943054122993688,0.017764934030840562
2009-10-31,-0.031951001154322256,0.04442867337094447,-0.039809734611169545,-0.020101486560295423,0.0073045005674922114,0.03429415197948571,-0.0011657489347576266,-0.012286937962786793,-0.003900493231604907
2009-11-30,0.050338625443567375,-0.028947587066890268,-0.013948032040695724,0.030417899594423314,-0.0020517100156995927,-0.02058523239238852,0.03561760748976739,-0.009108034473284565,0.009750403292151155
2009-12-31,0.002918812909187496,-0.008966508043290133,-0.03185947114933907,-0.0010294373991663885,0.04026779880623277,-0.019984994775092413,0.0005349823385578656,0.036943283436539076,0.028096149795376446
2010-01-31,-0.04941566960261157,-0.0070527123878981746,0.02169648634906607,0.022220350492993757,-0.048939377455764155,0.026774111988318694,0.04373298353261812,-0.01105926227643983,0.008085712322200567
2010-02-28,0.016609356254674523,0.0015779398263044975,0.006747690782988869,0.024810254155922973,0.006314717993598062,0.0031655919698470036,-0.024677044810798243,-0.041720763935245486,0.027176480931040414
2010-03-31,0.02036509157291677,-0.03062776021200797,0.030192264683396974,0.028133143608022326,0.009601135695124663,-0.021122109285681923,-0.03212269590255579,-0.03189059132933658,0.019272263568297365
2010-04-30,-0.012695523302070466,0.026791715229080193,-0.001593150302887647,0.027814217631262572,-0.0022050152458021888,-0.025500839034003797,-0.05366384692996762,0.011539070255860207,0.04553313226119293
2010-05-31,-0.013346274354021248,-0.03252939872226035,-0.009608107091309659,-0.009212209436387009,0.007157714727743736,0.035649553831098024,0.016885098637835827,0.026785046693747594,0.01161394379893077
2010-06-30,-0.01943866788581894,-0.005372354269794211,-0.0034045261554087602,-0.014869814998644482,-8.406709417607683e-05,0.028568837345899434,0.03563973134477871,0.04686137870436358,-0.043309686253677815
2010-07-31,0.05952643974020777,0.014957775043139998,-0.0036077805178413858,0.03548712594639003,0.005732023927207175,-0.01073899884997842,-0.05565704595259402,0.005886672124006287,0.01052181285044096
2010-08-31,0.01714618380019317,-0.0015846154904631815,-0.03072868710373844,-0.021880341318738172,-0.00866422673530276,0.028916831547955546,0.030997927234838185,0.06193721449817535,0.007691375213683127
2010-09-30,-0.0100015202692596,0.012403985771619608,-0.0269144237853296,0.02771695952825448,0.02908610544331469,-0.027172424612923463,0.003082592736316725,-0.05860307375406881,0.0226639947773577
2010-10-31,0.02476674622420383,0.019869286989002477,-0.022222119619871306,-0.008083438902217965,0.020918670702261943,-0.00493303699659986,-0.014553598660853817,-0.02602135298830177,0.018516330510178758
2010-11-30,0.013497195333441514,0.0608655471695676,-0.004577883589806597,0.01565254847421116,-0.01413597022908486,-0.013351171479282664,-0.026583849116330383,-0.027974504705346126,0.02753108247818914
2010-12-31,0.035077733541154954,0.027884537192186087,0.04174301113632861,0.009467500372861704,-0.009743968714880813,-0.021303938500438768,-0.01926742524431635,-0.03424634798951143,-0.024341134499305195
2011-01-31,-0.021864462997750245,0.04914921970427,0.005567491821085069,0.01664289864596613,0.009113347085900392,-0.03731653181236383,-0.016931731718901277,-0.01052062999583181,-0.028793568363612243
2011-02-28,-0.005421676536569997,0.041727135874604304,-0.00451716112416789,-0.010709518106139626,-0.010025059242705803,-0.0028706537171332425,-0.0007064031084356159,-0.01966150326114513,0.028021844197908763
2011-03-31,0.018588414581328982,0.019872100219484934,-0.023707266201054344,0.023351351926347852,-0.014462454290445126,0.013506394929294063,0.019133089489149824,0.003360533416255307,-0.004767338997529347
2011-04-30,-0.007256189972892901,-0.01934169205347369,-0.029105633729526015,-0.0011522989303429654,-0.002401219580558056,0.024980438881613276,0.03583545255596787,0.011981690953467572,0.009917046065836654
2011-05-31,-0.013902932177599081,-0.028372543282559448,-0.01946594207073582,-0.014148269245461975,0.0030293466285233883,0.03856475805844428,0.03818936925108907,0.034911907389061136,0.010788040590679504
2011-06-30,0.014238770528095746,-0.0009639237544479817,-0.009196173417950426,0.012800357516491556,-0.006575864400372722,-0.00839036781582525,0.007016650207848474,0.016819175433240963,0.01608116010453442
2011-07-31,-0.013069765003519529,0.036072889283539245,-0.01435644637688338,-0.047268774288690696,0.025754675183343845,0.008666081282624694,-0.018210308417171972,0.012214928342258125,0.007547617149023078
2011-08-31,-0.013453690833325704,-0.045366706433863424,-0.03915468053526361,-0.008952851214352853,0.0037112603575284453,0.058737415560658146,0.03568925127287492,0.07849702181922114,0.004332085536589481
2011-09-30,-0.09303274964111063,-0.07247295429263867,-0.04214843062083706,-0.021338556564411415,0.04106631237729974,0.03880581281132922,0.026881611425632057,0.0739233696323559,0.002809165036977146
2011-10-31,0.06564239649272907,0.08369746623189633,0.03537628615739341,0.036014028751311544,-0.0056045093848149374,-0.06119553383940546,-0.05004890069040435,-0.07113730426641918,0.011611468958312443
2011-11-30,0.007090608095771556,0.021698865500895614,-0.04605228658663452,0.01912267979203719,-0.009935599743790657,0.032764689839469785,0.014594009741915048,0.015388027426503692,-0.0021166727349024583
2011-12-31,-0.03132606757785139,-0.02895597986375087,0.012799123457373218,-0.005990541006949401,-0.01082189516032983,0.019170055838468647,0.02111744140228966,0.024782037975182414,0.004541290752755556
2012-01-31,0.0662678672433239,-0.021016564453124387,0.037955987857057005,0.029601997365557242,0.018499356538623557,-0.05774108991670457,-0.01158538230355144,-0.07971464876084744,0.01536121146457936
2012-02-29,-0.04623738156794388,0.018682916956149542,0.00919691002382761,-0.012704250135757045,0.030443136275113636,-0.00312456561898089,-0.029974978236430694,-0.034534057781777205,0.0046668297112886226
2012-03-31,-0.027524678694377025,-0.06943125485374158,0.04254613292550702,-0.02154314250434597,0.013809041482195417,-0.0003232805401940375,0.013438800877971335,-0.017742900336743306,0.015874076922115066
2012-04-30,-0.0006173534693111327,0.00038918636082163616,-0.015920053410715007,-0.0034585547082560675,-0.003775653496576381,0.010431478653968762,0.00483873612540231,0.02519153800773366,0.019030256871740647
2012-05-31,-0.015069548382353526,-0.0441712714542295,-0.0293782243746763,-0.0005754955057574174,-0.0007294407749571796,0.05094773668452868,0.026393484843022286,0.06825937853804653,0.00761861561601751
2012-06-30,0.009565573699559904,0.008544938466711338,0.010437404392824368,-0.0058431159279623834,-0.006918034002420637,-0.0031600865045917637,0.017564693039116674,0.0015566433419773595,-0.02018698017445608
2012-07-31,-0.025349508141175425,0.03682209227348232,-0.01123091330920234,-0.008672649455071735,0.00585031573104966,0.012136669908288766,-0.0026006178704387484,0.012544202239842095,-0.01807917482439103
2012-08-31,0.003486520964356199,0.007228576427481759,0.014343103756377706,-0.004404516189951746,0.022273607221618308,-0.024534794395225212,-0.008041099941992647,-0.06116620424334718,0.02640083981051955
2012-09-30,0.013428111719261837,0.0069226959576822455,0.008400465886279074,-0.013057648460032434,-0.008908294927647775,-0.0066694809824443535,0.013853329372444545,-0.012543820050684218,0.006571393151162175
2012-10-31,-0.0011344554405787743,-0.000502220867383163,0.03967403150665427,0.018694409180655902,-0.043784826967511625,0.00750946321384649,0.017545801069898226,0.03380458908381734,0.004401431044438353
2012-11-30,0.015748979788378747,-0.015078731759796127,-0.011651669924989005,0.014691895209536288,0.006159219646670433,0.015519865700589497,0.0023996266807091438,-0.045665283590816896,0.028844397055025617
2012-12-31,0.024862667735791932,0.0031187815047775125,0.039423519164100584,0.021157460168492292,-0.010982636740142993,-0.02783442834206118,-0.010662420151261509,-0.00723410423518045,-0.0025593414484541555
2013-01-31,-0.011004140328586542,0.0326021851805216,0.009974814379838826,0.007091604885944625,-0.03136381820504597,0.006018684758052784,0.025549283867082995,-0.00289084481123969,0.006275122916575837
2013-02-28,-0.024643137156338035,-0.006664918547085064,0.0010218561087778077,0.011145545764746467,-0.003237463298350063,0.02202856536667297,0.0015241210370728897,0.012176200353569477,0.004898090199883853
2013-03-31,-0.013867963804196304,-0.01056069541233473,0.002750281416086242,-0.012282008198050587,-0.010210931139600588,0.013277401362432384,0.02612694803381621,0.017701009282692137,0.007770624706750162
2013-04-30,-0.008642295967580926,-0.031198925630764207,0.008822585400831029,-0.025509186722245558,-0.0005765881753643232,0.011332980056842246,0.011946642284899278,0.041505336675159654,0.012291504972040013
2013-05-31,-0.0017994262525693472,0.0077282507769331765,0.04019986212315785,0.029417970560206896,0.00715899431677669,-0.04250180347694921,-0.004282638396927219,-0.11127705807963728,0.006887833170895696
2013-06-30,-0.026101989741879605,-0.0076684599349943205,-0.0007063218932973347,-0.0004411005961361125,-0.0139182344629587,0.011976004925253081,0.009086735754082254,0.02394464845293609,0.023208509382635856
2013-07-31,0.006079297219104829,0.0031561641354220793,0.004008206249602297,0.009637010015205894,-0.012194975533332375,-0.006104387002314304,0.022161408162564733,-0.006145718516672893,0.0031976210887061374
2013-08-31,0.030062552628053574,0.020985202690890437,-0.019946430233871548,0.006497212193184443,0.020897883521739158,-0.01412369199096819,-0.00398196326221778,-0.0186252704546247,0.0028322357288180777
2013-09-30,0.014534975129710803,-0.008607170189783409,-0.0015336821379394738,0.028920272323681884,-0.0044283435978351715,-0.01603882848950522,0.002323942275227253,-0.018276389703729023,0.024480101265429433
2013-10-31,-0.00270083695783363,-0.002622697926133233,-0.011446404809734911,0.003022613198066626,0.005653781750854625,0.01947476877285914,-0.001504304913911625,-0.006864949965439404,0.001255953882262073
2013-11-30,-0.015027321000935734,-0.027470556434827653,0.01618958893748612,0.008560881535035314,0.002856870875514117,-0.012464881877876532,0.019136509933135093,-0.04738960759325295,0.006487889285339277
2013-12-31,0.025400079961871214,0.005153687766644488,-0.001086206693591718,0.018623705921331446,0.011784249745387054,-0.01666397801957098,-0.01617374587910958,-0.014452336256645548,-0.0007309746069321665
2014-01-31,-0.011582467145770048,-0.022376666557048064,-0.0010138175970819674,-0.007088496953013723,0.009841349014185874,-0.016069148443464076,0.044962457016359925,0.06534339301446856,-0.024420069869441008
2014-02-28,0.025911389681200436,0.00809428975505444,-0.01272774580650049,-0.002541083965128532,0.0008235661188951138,-0.0041079791574412106,0.019070309061716362,-0.008589838162599284,0.020875529189652298
2014-03-31,0.0013264854489152267,0.014151888587894623,0.026375921087293586,0.0026330361668571722,-0.00263023415643282,0.014997768672152079,-0.019510315314562376,0.026577194254842285,-0.03560311020273155
2014-04-30,0.002048039239547439,0.04634801761535923,-0.023210016405326828,0.007176332657733653,-0.003449359107484673,0.02120251414145269,-0.012526869030215826,0.036008394748893835,-0.019797788265206284
2014-05-31,0.008548315725502631,-0.004281787550879157,-0.006002936476859899,-0.0017961077980233053,0.01655510513000258,-0.002947093571824766,0.0077037598416092035,-0.03190721513994044,0.007791751160278304
2014-06-30,-0.00291293602140108,0.0360749651913288,0.005167399058923161,-0.014309565827688608,-0.0003693905140060849,-0.021591031907763902,0.002156744716253156,0.02536109112912288,0.00032827935997947755
2014-07-31,-0.004864036285771478,-0.01958511895342918,0.0005680917276030817,-0.02617058033531916,0.03202857555337135,-0.01808891144255531,0.016395018789194582,-0.05292742040438525,0.002344023517862448
2014-08-31,0.0009883969103037238,-0.015819928847035758,0.0047361018395990495,0.004598158946714781,-0.004834396206396363,0.008474147754175432,0.010776796046450432,0.011556824829022982,0.006812735899225153
2014-09-30,0.0014625448381734296,-0.06199975409071956,0.011479968757110548,0.004049750249565998,0.01034320936567834,0.021400816850436155,0.019863702381416215,-0.0032164436506209038,-0.012195132397957442
2014-10-31,-0.04719842055491219,-0.05851383410645339,0.005715312615276469,0.015556944351059698,-0.007161436050976189,0.01226722767049293,0.02937226163768414,0.057102815483843994,-0.002059323873456753
2014-11-30,-0.008831460500305477,-0.11147013102129977,-0.0010436163962939116,0.006257775374949315,0.023567315140437195,0.030915453151236116,0.010251969817684392,-0.012877228652226957,0.029945096255561854
2014-12-31,-0.0013800433813754287,0.002080340833695571,0.02289112990273967,0.003972706201757159,-0.017578894499754583,-0.005168555543765496,-0.009844885449011742,0.03985977435597032,0.013088847489869826
2015-01-31,0.012720484381264163,-0.014563063403510323,-0.038510730138562654,-0.00448407917522653,-0.00402601170941963,0.021348172803726584,0.04405600128240783,0.054336186859623936,0.0011033426228619359
2015-02-28,0.024788610240018993,-0.008962869450041877,0.0033431921426347877,-0.0013833448368734125,0.02505753396776722,-0.013451697724849554,-0.012016552379537693,-0.11884120685443966,0.03054819920438656
2015-03-31,-0.031652268274293904,0.005844289881477116,0.011235588210896208,-0.008064446955226234,-0.016959783327071598,-0.0020298077478480003,0.023802425552364004,0.007443044196671411,0.01256587247846086
2015-04-30,0.025099537518253,0.057217483226905674,-0.007691219809025984,-0.011030989389701706,0.018989094513002902,-0.016112543582072925,-0.01941775479371799,-0.013247151221952191,-0.009051358952652189
2015-05-31,-0.0067230018617776555,-0.06237835778848799,0.008986442405398476,-0.007255959445063853,0.008062290292486507,-0.0018082323200070416,0.03455140134028167,-0.004159107567873521,0.0026540895566524725
2015-06-30,-0.018484004233949247,-0.013823000417596432,0.016401310227492027,-0.005535140692950358,-0.020116871874407694,0.002668270787259064,0.017091783004887118,-0.03882908916253325,0.026556520972060627
2015-07-31,-0.07016551728511444,-0.0966447921453556,0.014302224333021973,-0.016782514937102366,0.008760334859945429,0.03719050109159827,0.009832137500114912,0.04128071880179052,0.029159727238030397
2015-08-31,0.006215199662210291,0.020061566590776847,-0.008025857815217252,0.008541274407537047,0.007390362331050393,0.0029505335935129384,-0.01706431588601498,0.02780011242115421,-0.002739532915016052
2015-09-30,-0.04777119335540392,-0.045491179551395367,-0.0016912851414746521,0.0044029750226988185,0.012724346844062095,0.03034142050158184,-0.030585792128273726,0.05561740090356049,0.020572880468248345
2015-10-31,0.05128531913900125,0.02861846600884821,-0.020317866208537705,0.004810076183614953,0.02208035905307959,-0.025979336505973505,-0.005827839304904936,-0.07235728244800876,0.007374507592676771
2015-11-30,0.009433195398001137,-0.0006517338683238449,0.01942850729538903,0.008155622104732752,0.00659702599803258,-0.00972729893554869,-0.0037283653826001295,-0.021761988639111607,-0.002851124851260378
2015-12-31,-0.025870361301922662,-0.08763957255954813,-0.006113394049605203,-0.008194542109766334,-0.00328144203585079,0.04670680888706924,0.03475842451214728,0.03872192033570698,-0.010900951378854162
2016-01-31,-0.05635865541601226,0.015755141862296096,-0.037808594700635245,-0.006234895089956449,0.013611911065897764,0.05608294587765272,-0.02645467019219161,0.10018127731748028,-0.0010819205586797276
2016-02-29,0.08228175652811898,-0.02387339851384851,-0.024876681186188687,0.04673660224899734,-0.002418715782279479,0.00728093789825246,0.0005177529494004851,0.023502424356153795,0.008581506695579333
2016-03-31,0.009739290544511725,0.03566750828650256,0.005600089315228374,0.003744661524954118,0.022225552202262522,-0.018608615508147075,-0.038916614993684595,0.01377384006965876,0.0009833039108595454
2016-04-30,0.048405364497671854,0.0879456766284854,0.03330047239178491,0.009739504250591002,-0.05296976122050301,-0.01702257904707083,0.02695571362909366,-0.026883056105435843,-0.001434909234663051
2016-05-31,-0.01872191915014798,-0.02465811434547882,0.003551590761160517,-0.01959793976399904,0.033571350986843385,-0.008441137167212842,0.007027733437219741,-0.00024833801399948285,-0.014819745416657426
2016-06-30,-0.008756453164784461,0.026296285041924383,-0.03323763798912738,0.006220851701090435,-0.014688106423199176,0.052674444066363346,0.0081808976771367,0.0753699533549137,-0.012306524458751245
2016-07-31,0.015102640712743698,-0.048212349755313744,-0.0010519553709982254,0.000633527444826143,0.035406340059436436,-0.04376915583211127,0.013058562227955539,-0.042280657316120296,0.009996386614574693
2016-08-31,-0.0014508152132253205,0.01798964158400229,0.03969742069335813,0.010695776773352761,0.012844827312852192,-0.004631061237988621,-0.031227654505571634,-0.05422947575338666,-0.0117679206488559
2016-09-30,-0.01037725674349077,0.038116222331332605,-0.02678411647804635,0.003095734894370872,0.02225234495246109,-0.014220930595117198,-0.003861708379367945,0.004845181543326027,-0.001432039341397684
2016-10-31,-0.0015168975294744813,-0.00875699334408353,0.04222412971548739,-0.0006153244647427725,0.011891159996514244,0.011720634694522558,-0.04644617053737121,0.028407132678102687,-0.004812293219957908
2016-11-30,0.034060762761478625,0.05049467500228366,0.10614961889152297,0.056718447238620406,-0.0324878188797737,-0.07622026030316031,-0.013539018881323361,-0.08839268659692523,0.013840921324029143
2016-12-31,-0.016434025192608503,-0.0008931873769155718,0.019363860310115832,-0.015139843036665379,0.004398051462057406,0.011765221459121289,-0.011038050363322283,0.0307874598788338,-0.017810531440537236
2017-01-31,0.02758811533622252,-0.050013765433402524,-0.015303758561292069,0.0007593038282645015,0.017682249657480664,-0.0008666583045446874,0.005034166632199355,-0.005325612318797024,0.02425340097530415
2017-02-28,-0.03161645524194956,-0.058048854135087424,0.015569033575106639,0.0019308464727896268,0.008129173890488284,0.010529375650506712,0.02618808190947597,0.015465741796154564,-0.01904435142326899
2017-03-31,0.006607568617328585,-0.014470774002542597,-0.02917211826293109,-0.00726675500186913,0.0226496442056614,-0.003837318707245574,-0.0044172658293716305,-0.0009641025984218343,0.021728927175856283
2017-04-30,0.0035018598335787576,-0.038562064642566174,-0.017519254315774058,0.010582852661610964,0.010980039103315242,0.0019017553478872795,0.006240120553104855,-0.0014901697340277131,0.014899464959259756
2017-05-31,-0.01138775092063149,-0.04695341528286601,-0.023475900981732578,0.006211158915735426,0.027960354880102845,0.014882911169075586,-0.0038943420209029966,0.029816431657780695,-0.0005833244925850245
2017-06-30,0.013688420605219687,-0.005930635702715015,0.06031954115613236,0.008698922930319153,-0.032931994847717805,-0.027348807769060124,0.04085725712198274,-0.03190220516826858,-0.017407418302230138
2017-07-31,-0.00392461582143766,0.006837327224318512,-0.0023238464453192442,-0.016412845315375568,0.025241750581239897,-0.012431832036499335,-0.011145536207600282,0.004900534608624829,-4.734696984187714e-05
2017-08-31,0.007323620399964481,-0.05533468430972799,-0.016090560869979842,0.0016495276489469912,0.0286698229715312,-0.011573376256603818,0.01697765514703642,0.03233611188017327,-0.019154161875774345
2017-09-30,0.017667178464274347,0.0825200680036906,0.03202691998612317,0.022541520533297055,-0.011124359301082354,-0.026453045656610108,-0.010189757236542585,-0.046870547712075106,-0.011064027747191174
2017-10-31,0.016544127980261614,-0.03051155024029495,0.006427479745950704,-0.014723205878060197,0.042955610561976165,-0.03867583242924244,-0.02977399195409769,0.01683204853677145,-0.000984762678025275
2017-11-30,-0.01859103851159083,-0.010559762900864467,0.006503820123785697,0.013578209621405879,-0.013944329635528385,0.02767155522485476,0.001013829703019331,-0.001232414635836454,0.02257493028268942
2017-12-31,0.011438251545056621,0.04286294515458344,0.009049896174385674,0.011253943702545843,-0.004373682485363961,0.012698732055083095,-0.015336084948298967,-0.07041350800847668,0.014750989875309317
2018-01-31,-0.016198858466524912,-0.02033593575016268,0.009389170445528672,-0.002524723043802579,0.014188570588113292,-0.03983137857161578,0.009375079729077695,-0.08731023752204681,0.03623171699106731
2018-02-28,-0.013792923194381412,-0.06940268956892193,0.009693807576547697,0.0003168834515947516,0.03485673991510585,-0.03732371968519188,-0.0060015014542191825,0.00015446844250088798,0.004256608071534829
2018-03-31,-0.0145790166272467,0.04411486325385072,-0.014668928790303903,1.5663653157860224e-06,-0.010453439848266854,0.01781543507112815,-0.002281456132228632,0.06484921221361184,0.0030373762989692743
2018-04-30,-0.0014891035045816459,0.09222219381060404,-0.007071081267256529,-0.03058262612336138,-0.0021072873033847195,-0.044139988481359915,0.007846537007827337,0.017665565715588638,0.021074262263203192
2018-05-31,-0.0010856759670221372,0.008333781843869348,-0.03144430341198612,0.009131055803625499,0.046219584103931455,-0.03726743575304403,-0.019785056936748813,-0.032663667297694876,-0.0017433801405781768
2018-06-30,-0.0020868268683182922,0.000852626637202647,-0.02231207619367359,-0.03873237681801178,-0.007474362715621297,0.04084806223449933,0.011650646448648994,0.023295891305428418,0.03134423184629398
2018-07-31,-0.007435250363134305,-0.020482917619555785,0.01512561485454067,0.03783017201158434,-0.01514901794661383,0.003566976255783949,0.029519239939664876,-0.020047575145440977,-0.017997521822654683
2018-08-31,-0.03796459329768931,-0.06501401575505028,-0.016667506073537286,-0.027922863456500302,0.03572671167711028,-0.026343277180037594,0.013028884214965286,-0.01738190624285396,0.020783784411083417
2018-09-30,-0.022248562986186382,0.020165235677431115,-0.026449115357212283,0.017479574330577785,-0.004487427709311209,0.005578195153796317,0.025248202564770672,-0.010777489369921733,0.0010096534656001133
2018-10-31,-0.02243145868849239,-0.04387892883325484,0.022267814622969895,-0.03927032633221417,-0.010643658421568114,0.08942911114021779,0.0016153544322341507,0.08915609218075315,-0.031603045920253425
2018-11-30,0.02015593070887456,-0.03349358840455907,0.00839643356638109,0.020206019722062374,-0.03748440224237315,0.004863754107562013,0.06297547845553542,0.017529138253635335,0.00690795465632732
2018-12-31,0.02289987482858402,-0.032615008814662616,-0.019512621238669148,-0.014813428315312738,0.008011793496645825,0.0026315222026345175,-0.0017597831783824347,0.05183248154771802,0.012214548173806294
2019-01-31,-0.022667010664027876,0.033433999992079855,0.01031643480181077,0.03558353271214143,-0.009307038597020645,-0.02728628433980851,-0.03059766828337418,-0.04391509128970328,0.019992691810247765
2019-02-28,0.002136117063876064,-0.006680845603237451,-0.007369710039108357,0.033946680833616405,0.03937227379596342,-0.01193529318959663,-0.01892024128258263,0.011359394215732621,-0.016583228053276722
2019-03-31,-0.005394979633319474,0.0033565889504061364,-0.04351820882250956,-0.02941863732142025,0.02976165760967353,0.02030593899984323,-0.013105133530429525,0.009990276523620167,0.018628490942403708
2019-04-30,-0.00417836532005289,-0.039464528472543114,0.050534625924134824,0.00040347541034679857,0.024335576564698425,-0.010798315725052632,-0.06645259939331383,-0.03003022952275569,0.015320074510188242
2019-05-31,-0.01603254342935212,-0.045249135615409886,-0.00595636410880207,-0.010622622998130216,-0.020869777191567573,0.029389011148518662,0.043595556799115864,0.05794253114951731,-0.010261377942701655
2019-06-30,0.04670689777638559,0.025020764504676718,-0.002393357100269222,0.010274537079269619,0.0204532650363205,-0.016734817312308303,-0.0029897861171250817,-0.03706717378930802,0.009229021192773912
2019-07-31,-0.015863107354148198,-0.028980889237209095,0.010422733438271825,-0.007961421111354339,0.021853649148126708,0.010291761865053761,-0.02932006181615021,-0.014469681578360594,-0.0003764722164134593
2019-08-31,-0.01019093508419977,-0.06516197118120093,-0.028988186864141174,-0.008379903506370079,0.0027395167098979156,0.039798024994426195,0.012166493261151823,0.06897337131128956,0.008648319299794371
2019-09-30,0.014616608832044964,0.022161739846085604,0.028240299307541017,0.01293264839687347,-0.001452510447087496,0.00033135881980927984,-0.0182368211258902,0.025335084393802054,-0.004466700946713642
2019-10-31,-0.020603656279898463,-0.04137760236562549,0.004568391142712125,-0.009095948898447892,0.018559605818283087,-0.024664966013691503,0.03082746583139606,-0.02800058177425735,-0.019188962583903235
2019-11-30,-0.002254364595776659,-0.018001578331316548,0.016475440932402163,0.010915405934792899,0.019616203746265937,-0.02031237298964772,0.015979250112124976,-0.052723962352485665,-0.0208074983710409
2019-12-31,3.415335047574075e-05,0.031672208063672214,-0.002497171792868569,-0.030601097052707305,0.014616430958693138,-0.004462683435586978,0.006163207466204579,0.004315541472750484,-0.000958227984919624
2020-01-31,-0.06007792479468144,-0.10829851412032832,-0.02501256578676314,-0.0027906790689637972,0.0415540386387,0.004803889687459484,-0.025075429916134317,0.06909927139941041,0.0008310023852186044
2020-02-29,-0.001088417478066539,-0.06877126851400761,-0.028372912759449975,-0.014890687725946483,0.011100802521226139,0.0019643336349467466,0.01824427437596743,-0.014468712687399687,0.008384475327330665
2020-03-31,-0.01484770445030581,-0.21859001685929735,-0.08523987847232883,-0.06114034936387147,0.0393398981706502,0.06979841091428085,0.08624531623985676,0.02516328095900311,-0.02401447202130902
2020-04-30,0.025020963598701762,0.18079493999398766,-0.03222359766536864,-0.03872346752300171,0.010520820013336207,-0.05726471440107783,-0.0009686276899232293,-0.0934568354075882,0.061981561908932115
2020-05-31,0.02353070767148413,-0.025281741988183004,-0.01807700218039665,0.00860378278572016,0.0264824740008498,-0.028632029549666926,-0.01239305065018037,-0.002843651121962276,0.01981269290881471
2020-06-30,0.003426222388147382,-0.029343814423039682,-0.023616551485535653,0.0013397985381011779,0.0511021332364463,-0.020634722675801465,-0.04281415103262032,-0.06511092279592656,0.012350236112208979
2020-07-31,0.016061251335491633,-0.10318570705955854,-0.01663985677201052,-0.010996454986655468,0.001746207953601031,0.014134737555599353,-0.0005395070014966308,0.022871158441326145,0.01764172951293297
2020-08-31,-0.026492991545670197,-0.08061176631511946,-0.02720153968485728,0.014697718815391614,0.04874381471148248,-0.024131444078768327,-0.044195361304612435,-0.09603867053359194,0.02548295835883163
2020-09-30,0.05430420958739246,-0.10683807829257386,0.005005772352004834,0.032406077035132874,-0.014123181854357902,0.02248001025778712,0.01742337256786508,0.05004139275560293,0.020594062102522792
2020-10-31,0.0204376912629739,-0.013402864530420722,0.018941129026905368,0.013246666362654591,-0.022376876450566296,-0.0010393258884903167,-0.008549644690366454,0.0781876937888476,0.0003829292800169304
2020-11-30,0.016069419978159916,0.1723986087758853,0.060937076965588144,0.05272811480003381,0.006291305191727714,-0.0328588435707009,-0.0280648769813463,-0.10017131232322418,-0.007594356146186643
2020-12-31,-0.01230552663498119,0.0076796779856753705,0.025939179092443698,-0.027052825333387043,0.018294964068124253,-0.020611116097490667,0.0008567833245201051,-0.030917346272801627,-0.012843180658972386
2021-01-31,-0.013037662231147551,0.048603876070070995,-0.006841441410011417,-0.03155127930736057,0.002753362839463813,-0.03867802844765034,0.02515261547674219,0.002364849839413763,0.018786961569926208
2021-02-28,0.015103388853165978,0.19847623353417299,0.08997075995364323,0.04280081308359329,-0.012440342336886845,-0.038417725136658865,-0.04712930871466092,-0.08707280608568557,-0.03139986343716239
2021-03-31,0.03346570432483387,-0.012728737923924704,0.01608541917544648,0.04743010832060035,-0.024072333572539906,0.0425430738656456,-0.0021652856587373037,0.06308177737664211,0.0021598549455430494
2021-04-30,0.0013815291853072065,-0.04569884716808126,0.012479258638327329,-0.017077321402087176,-0.0005464316125201041,-0.03383343364084812,-0.013107267963644365,-0.010576449288781653,0.012130924082403016
2021-05-31,0.04533234480381698,0.051609926950322293,0.04222437362117426,0.02580945616792052,-0.014792411698613228,0.012190967850852052,0.013222795302539891,-0.028867596793274997,-0.03946839534067381
2021-06-30,-0.07484565968863621,0.020125661055974575,-0.052607973871926283,-0.04500855754733213,0.04664972749037921,-0.027658403061542325,0.0007756158329947915,-0.04429710545000454,0.012354966882012208
2021-07-31,-0.0019730647951390345,-0.1059114307604978,-0.027381404209959048,-0.013373306309865107,0.016125006809659448,-0.0007386298350353648,0.026477927815954372,0.0205857198214614,-0.012218882884412086
2021-08-31,-0.010066419592846376,-0.04903478452365495,0.02248838012942045,-0.01786410096415203,0.006602794467653661,-0.018502393058857036,-0.005834950045795706,0.0099668106193056,-0.011144208882325923
2021-09-30,-0.024316928960062656,0.13688377567530985,0.029144251570336954,-0.013229100784662884,-0.010830486159620789,0.006177664243086078,-0.007614907574063912,-0.013363187042414237,0.026161387445445272
2021-10-31,0.0068265258515607385,0.03413920572039131,0.003597670269434472,-0.0011756327338918737,0.01262692404042709,-0.03413513218775255,-0.017926426818140495,-0.02171124495094534,0.0517808728750504
2021-11-30,0.0028119373653400226,-0.041779450692174036,-0.04879481193752766,-0.027267641156509814,0.05284537044630455,-0.0051398175632138,-0.0222297329886485,-0.00870402021876937,0.024689669055628194
2021-12-31,0.03221930171576948,-0.013778945877220394,-0.009969842850490407,0.01036307087064392,-0.011139347894318252,0.06093431228921742,0.04658533005361676,0.05327960130570708,-0.042115383510690885
2022-01-31,-0.015398454734995237,0.24033274624265544,0.052841219468312994,0.004669192433127467,-0.015856769486821798,0.037800825729015,-0.015978936137902466,0.02003404741415049,-0.04274824641621566
2022-02-28,0.018690138984880367,0.102052342717035,0.017535619269883007,0.022922729605852843,-0.017413799418472986,0.017275915285861698,0.021683055506715454,0.012299182224404737,-0.009299086448059324
2022-03-31,0.025415826827578147,0.057612675861131724,-0.03707288231509298,-0.0014093042343070739,-0.002323319551431169,-0.017959838446030663,0.021608083482800966,0.06767938797620499,0.008493068416177474
2022-04-30,0.05256256275901883,0.07108054436220479,-0.011469648498282026,0.011825197587871261,-0.022217549350737387,0.11101652485267366,0.039048047558463805,0.04498077032059655,-0.0316107665342229
2022-05-31,0.011707197527040636,0.16029298276393633,0.02776492205984238,-0.00467762415430617,-0.0069122158413595924,-0.04088264641611672,0.014836896442613101,0.04302861538756653,-0.05125664123558993
2022-06-30,-0.054643045896286435,-0.0868146747298959,-0.02468867421021337,0.010249906349535376,-0.008637080270339048,0.06044752099299233,0.05783959859597643,0.034965323941477,-0.02441470569015247
2022-07-31,-0.029567290452860107,0.005513298888488949,-0.01925598140750262,0.003914566620154769,0.043402144916200536,-0.059113047724110857,-0.058677252776210054,-0.03664603511144415,0.09327378495500827
2022-08-31,0.007626228865272533,0.06896411449159567,0.02286114555806762,0.01410461324637613,-0.019687175436434057,0.023914442365508548,-0.015263755675396284,0.04771393952037284,-0.0025145662617440667
2022-09-30,0.0003665132262332671,-0.0021916141237008357,0.016836128725999377,-0.01091354078048934,-0.026275596795684586,0.012066817529280849,0.0680089041299563,-0.019414313030280184,0.011331710664612471
2022-10-31,0.009388079949833594,0.1697895874507065,0.03937241589336549,0.059079179803029236,-0.0033354685670827777,0.010200862726477355,0.016247453580870763,-0.06047730229100101,-0.06877165103481242
2022-11-30,0.0632827745596356,-0.04097519106034242,0.014816786648993885,0.024360650432653452,0.009514649070540004,0.007424115449538249,-0.006521244887339961,0.01587886030436647,-0.03889498075457398
2022-12-31,0.003783786355875507,0.028482229570056417,0.00676671766912329,0.029073035009985926,-0.023131372499545555,0.03169619717585892,0.04019437892066091,0.05402743681411981,-0.054977920580677186
2023-01-31,0.027974309475112813,-0.03362918398646264,0.00725340844576694,-0.024689388268380075,0.0308219806020964,-0.07261841587128004,-0.08008205051452366,-0.08175274550127165,0.08953190176258374
2023-02-28,-0.007201312111695168,-0.04327460957449791,0.0031365362581465828,0.017472388820568563,0.03023152769170412,0.0029231199667412167,-0.020303076705829315,-0.033085753901355375,0.0048616415381812494
2023-03-31,-0.045062051352267485,-0.03499829076534966,-0.13052860722531912,-0.02886049582596084,0.073528189196016,0.00714142920123062,-0.01307337004636211,0.014008620185054443,-0.0044322142960318
2023-04-30,-0.016006052078363586,0.013124958514781682,0.017083772823,-0.026304775941133562,-0.01583425362068802,0.021898848107727797,0.016795768727808857,0.004415042260650148,-0.025876845713695085
2023-05-31,-0.07113547322770308,-0.1027992505511579,-0.04499045281679148,-0.0339822890453102,0.08669104088427049,-0.06407848999784815,-0.04516944823580238,-0.0611948428730974,0.02287947297043913
2023-06-30,0.04532919338898411,0.004406212474134197,0.0014330817507623994,0.04780901297376117,-0.004195780400263249,-0.03684565368183734,-0.02212112724632953,-0.04876636323065431,0.05757034076911394
2023-07-31,0.003252122379530764,0.04659925248013197,0.016917930066421505,-0.002253404708030926,-0.005313363871773502,-0.009836383765093437,-0.02044042350985431,-0.0062306608855964285,-0.007995317067116314
2023-08-31,-0.01529781567813926,0.034177151849355325,-0.009172761494397608,-0.0021168221879787064,0.0026334119876392226,-0.02175536081860785,0.010709225301888003,-0.04356282355659835,0.0002766090610852867
2023-09-30,0.0009289108496814968,0.07275248544655633,0.01783676763990627,-0.010756045735928255,-0.01606392713191307,0.0008403067310618351,0.019127612657020232,-0.007704893375339195,-0.006600621710835419
2023-10-31,-0.00971992354550455,-0.03554894201179393,-0.002439706685898768,-0.0078092455159540775,0.02246778447287967,0.008173545604994392,-0.010644317898681699,0.03487623987941746,-0.033182374856562724
2023-11-30,-0.005692368820457094,-0.09633952511312238,0.020214948590585147,-0.000830302002379657,0.03977621558223121,-0.0479177188308888,-0.03481917975565474,-0.03774676073833749,0.02048513359719606
2023-12-31,0.001004334603742274,-0.04345744384825845,0.008309915347660457,0.026426253250547482,-0.0024024210199109497,-0.01711282682369797,-0.0009679308281196342,-0.025640924109068042,0.01709228456906975
2024-01-31,-0.0548247898991876,-0.021024633884623944,0.014955073348092318,-0.025545741853032822,0.01112009821510851,-0.0035397660313565282,0.013433792016250612,-0.04558158154677183,-0.06002054577081395
2024-02-29,0.013356573058781018,-0.018990685289750342,-0.01095662672367026,0.02011923728244125,-0.00467489136739796,-0.030738875649761965,-0.020091850031114022,-0.04114299476439709,0.02720520913687774
2024-03-31,0.033664641130639605,0.07384498166811815,0.017037092873806392,0.013190176772716944,-0.023124650774742683,0.0021871735349996424,-0.007241535121506049,0.03488125583503354,-0.03166646207162793
2024-04-30,-0.004245661680091883,0.0321879330187973,-0.00017021051489329864,0.0063657961027286936,-0.016002363420923538,0.03035267018080523,-0.008476388514254474,0.058218337012247545,-0.003357598881618684
2024-05-31,-0.01530081768666336,-0.05144292712559573,-0.016306579635857466,-0.031645197631581246,0.022748530213524853,-0.02365057923233782,-0.024006334543976715,0.04158023664780841,-0.04602817621370758
2024-06-30,-0.06525342779122623,-0.048811450425986,-0.043488827585034695,-0.044558402119860396,0.04368419429856196,-0.03702065416672651,-0.01642968889431229,-0.09009615701022988,0.004100444338723586
2024-07-31,0.032048657637914646,0.01127872140497832,0.05265327052551583,0.03782941950207985,-0.04416392262399904,0.005262673092719883,0.015299699370127984,0.05692049991787407,0.01658444937179926
2024-08-31,0.00039077106191265365,-0.04354059091896656,0.022890142546240444,0.0053210752618741974,-0.015841991317969706,0.03702396591151391,0.02775655579313141,0.025248902472646106,-0.024808274394956364
2024-09-30,0.006639990801732276,-0.050377925613465435,-0.025785718928319934,0.01342351889355875,0.006288369841089603,-0.008912571431401783,-0.03677159735037183,0.04583267014800252,0.05282280770240533
2024-10-31,-0.02112622911638029,0.018894343062170527,0.035492253791910344,-0.0019903936431210356,-0.005694948857677962,-0.024802144148573624,-0.036525732443588366,-0.0008732047630739537,-0.007471059959831217
2024-11-30,-0.042417559369718694,0.0210371949341277,0.04725995270300709,0.018615998245851584,-0.00560049021237119,-0.018609315634551704,-0.05362460025303717,-0.019508919585002227,0.07175553033141657
2024-12-31,-0.08264006638028187,-0.07080561532900953,-0.029623927098528013,-0.05534209567076365,0.02144335746531667,-0.023237610995837654,-0.03753704843026873,-0.05475090495739454,0.036124482119001544
2025-01-31,0.028248736430504406,-0.003901750538199522,0.03795360591030805,0.022999218293247914,-0.03437067805885474,-0.02230961834409828,0.040585679331935465,0.0019175693942645733,0.007839885689757686
2025-02-28,0.013904156009742041,0.0525808810296039,0.02803657292877404,-0.00035874551637549157,-0.008633816581935516,0.06615382009951143,0.028268160583497015,0.03144812502878824,-0.05557739799067918
2025-03-31,0.030841932329667254,0.09247689501112744,0.015592173785745067,0.021915261026464683,-0.025315512147978447,0.04578036681985154,0.04173112729802697,0.05993849618913649,-0.025602576645223807
2025-04-30,-0.016683135712191266,-0.13095178329198653,-0.01345520649941534,0.008769407930951267,0.024527383929627833,0.00958403014131326,-0.03031758044257815,0.008259131448690171,0.006612112309856921
2025-05-31,-0.03231892700680583,-0.04872876852218466,-0.016404841120333247,0.02687715631365384,0.03820464258861134,-0.049303354635335195,-0.1172653072709986,-0.02324753754004316,0.02232488885825612
2025-06-30,-0.027400325928271796,-0.00091423659843759,-0.01841611981963598,-0.013554529363947632,0.04887174024493923,-0.06535669701002245,-0.02854630857583418,-0.04585954304682782,-0.030934833413788665
2025-07-31,-0.022577649534910482,0.006632070437651683,-0.0216665625306407,0.008769950876121646,0.01588823524658678,-0.03636340764251156,-0.0540132343225439,0.027439354287512874,-0.002801265414056786
2025-08-31,0.032797217768343545,0.017397359381329913,0.011867334188949252,-0.019066444295036122,-0.02017026913850062,-0.006531952970696198,0.0346021383857964,-0.034824509132453274,0.0274946208228386
2025-09-30,-0.059540205581117944,-0.03850572759753579,-0.03426174484659317,-0.016527634246817247,0.04001350316595098,-0.058500359106880784,-0.01803145083066049,0.005912512517953994,0.0005900795298579009
2025-10-31,-0.06676184581680578,-0.03623056806356284,-0.05053171651633004,-0.01730523063076772,0.04408385661198966,-0.04935532541587051,0.013815255065879661,-0.0010151197455012806,-0.021476775936623005
2025-11-30,0.04223951016961003,0.02502516725680004,0.017031545060617992,-0.01013489399586942,-0.04939049721529032,0.03920912347298411,0.09159460987228574,0.015872016432800118,-0.01576209906727577
2025-12-31,0.020302618843478726,-0.00243614882212706,0.031115247019574355,0.013285427893001911,0.008059344425182635,-0.012916680215304677,-0.013372459505546441,-0.050345809437942424,0.01250626385236897
2026-01-31,0.07277586513464152,0.12813973264711187,-0.03794636124173023,0.05286623741938046,-0.014287991996369653,0.06138856863317366,-0.014050549738811258,-0.0005450804803350806,0.0010761596482664615
2026-02-28,0.09269512173309646,0.10406500322445167,-0.028943875446057366,0.07938878082333045,-0.026917007000836102,0.08650329934657397,0.043953281988229564,0.11225212278446173,-0.026901530479435443
2026-03-31,-0.009314001757119827,0.1535839318591743,0.01581266891255695,-0.03349520004321083,0.009892367409444103,-0.03315301623501643,-0.03013650232671905,0.01910439083521165,-0.014625009272278167
2026-04-30,-0.07421537575667525,-0.13051475768370524,-0.04832894596875059,-0.0247799359876677,0.09591715837734771,-0.07581189148671186,-0.10846225913049468,-0.08331381517740732,-0.018254354552911467
