,CAPE,PUT_CALL_RATIO,MARGIN_DEBT
1881-01-31,18.47395230140494,,
1881-02-28,18.14725816499023,,
1881-03-31,18.27011914020499,,
1881-04-30,17.95010827822289,,
1881-05-31,18.869718693152592,,
1881-06-30,19.02871073111578,,
1881-07-31,18.116367187389738,,
1881-08-31,17.286243553973446,,
1881-09-30,16.724836648772897,,
1881-10-31,16.261989411181354,,
1881-11-30,16.47864231664487,,
1881-12-31,15.958754206105079,,
1882-01-31,15.678764160028743,,
1882-02-28,15.153861528363038,,
1882-03-31,15.091670299486745,,
1882-04-30,14.916997168375302,,
1882-05-31,14.567103202191758,,
1882-06-30,14.327404890131673,,
1882-07-31,15.240559761217828,,
1882-08-31,15.525429331463034,,
1882-09-30,16.081106624462315,,
1882-10-31,15.75558103052656,,
1882-11-30,15.192670313165339,,
1882-12-31,15.382128332081967,,
1883-01-31,15.27025911909857,,
1883-02-28,14.75759014617622,,
1883-03-31,15.05125412140164,,
1883-04-30,15.482067222036674,,
1883-05-31,15.335497637337067,,
1883-06-30,15.903388388583796,,
1883-07-31,15.948783127017029,,
1883-08-31,15.196810876629849,,
1883-09-30,15.494692425793458,,
1883-10-31,15.048056270223839,,
1883-11-30,15.408218142448874,,
1883-12-31,14.896403941887169,,
1884-01-31,14.432821721970727,,
1884-02-29,14.805960228816714,,
1884-03-31,14.736023454014473,,
1884-04-30,14.353453682579477,,
1884-05-31,13.46505031380491,,
1884-06-30,12.906876483666865,,
1884-07-31,13.043931585991672,,
1884-08-31,13.859813341769325,,
1884-09-30,13.569154744335725,,
1884-10-31,13.27325131913416,,
1884-11-30,13.304437602119732,,
1884-12-31,13.432292746944762,,
1885-01-31,13.129817425635967,,
1885-02-28,13.384817593597964,,
1885-03-31,13.734194093452514,,
1885-04-30,13.54854854103006,,
1885-05-31,13.71137187256194,,
1885-06-30,13.978784368698355,,
1885-07-31,14.32665877708933,,
1885-08-31,15.130410796707158,,
1885-09-30,15.11628502872425,,
1885-10-31,15.991023962168986,,
1885-11-30,16.824034498619024,,
1885-12-31,16.30447595227853,,
1886-01-31,16.69231747079766,,
1886-02-28,17.006648259461006,,
1886-03-31,16.843266101570144,,
1886-04-30,16.801716131246312,,
1886-05-31,16.86319551509784,,
1886-06-30,17.83149405537689,,
1886-07-31,17.84584504153222,,
1886-08-31,17.72391279961928,,
1886-09-30,18.147143925800037,,
1886-10-31,18.562381342866576,,
1886-11-30,18.968312634942848,,
1886-12-31,18.19405755688645,,
1887-01-31,17.512222096304964,,
1887-02-28,17.125366596972327,,
1887-03-31,17.473213711513765,,
1887-04-30,17.822983639100723,,
1887-05-31,18.075445427458252,,
1887-06-30,17.707695663272997,,
1887-07-31,17.431460535613088,,
1887-08-31,16.73984961482072,,
1887-09-30,16.676629667380155,,
1887-10-31,15.880666812517322,,
1887-11-30,15.950712201066784,,
1887-12-31,15.455513454469953,,
1888-01-31,15.358662514259917,,
1888-02-29,15.418178318820546,,
1888-03-31,14.808972366946579,,
1888-04-30,15.020108681844473,,
1888-05-31,15.38791695722914,,
1888-06-30,15.077628818434698,,
1888-07-31,15.279642515498182,,
1888-08-31,15.602911670088815,,
1888-09-30,15.987828821761426,,
1888-10-31,15.715941874329712,,
1888-11-30,15.22374901694629,,
1888-12-31,14.946748301089235,,
1889-01-31,15.802286071028167,,
1889-02-28,16.192720447849002,,
1889-03-31,16.065045360769297,,
1889-04-30,16.050104533967488,,
1889-05-31,16.915421076068384,,
1889-06-30,17.21930294394769,,
1889-07-31,16.889214491107516,,
1889-08-31,17.131853975345734,,
1889-09-30,17.3507880263486,,
1889-10-31,17.053214402955494,,
1889-11-30,16.90602117024937,,
1889-12-31,16.61033807660339,,
1890-01-31,17.220071982181903,,
1890-02-28,17.02681498267141,,
1890-03-31,16.90112228858991,,
1890-04-30,17.257854542603198,,
1890-05-31,17.786430487858624,,
1890-06-30,17.684360844450165,,
1890-07-31,17.589295440864863,,
1890-08-31,16.5967911339791,,
1890-09-30,16.16970200061531,,
1890-10-31,15.48284916334444,,
1890-11-30,14.745043493292805,,
1890-12-31,14.442991231338441,,
1891-01-31,15.428980086469101,,
1891-02-28,15.476522332432543,,
1891-03-31,15.051623357657386,,
1891-04-30,15.408945125474125,,
1891-05-31,15.566495230713256,,
1891-06-30,15.658211395638151,,
1891-07-31,15.617919238645992,,
1891-08-31,16.16399850996304,,
1891-09-30,17.71126141325653,,
1891-10-31,17.71656858982637,,
1891-11-30,17.671739174764006,,
1891-12-31,18.20630300020994,,
1892-01-31,19.016388404225278,,
1892-02-29,19.03642504097844,,
1892-03-31,19.738054849323017,,
1892-04-30,19.943265241638652,,
1892-05-31,19.911465213489812,,
1892-06-30,19.769284397136747,,
1892-07-31,19.21188643450556,,
1892-08-31,19.204303803173826,,
1892-09-30,18.6942718095882,,
1892-10-31,19.04021491532471,,
1892-11-30,18.463312690800002,,
1892-12-31,18.01300925127574,,
1893-01-31,17.65664370809878,,
1893-02-28,17.125193854872453,,
1893-03-31,16.899589031582327,,
1893-04-30,17.102541578254918,,
1893-05-31,15.78098731077625,,
1893-06-30,15.41650386359769,,
1893-07-31,14.349854182760948,,
1893-08-31,14.58805653580781,,
1893-09-30,15.012069079138762,,
1893-10-31,15.271794153520183,,
1893-11-30,15.942411400571672,,
1893-12-31,15.612694335464933,,
1894-01-31,15.739869351948219,,
1894-02-28,16.20273659644992,,
1894-03-31,17.187622088121927,,
1894-04-30,17.434849078052448,,
1894-05-31,16.808751920918002,,
1894-06-30,16.60631969529252,,
1894-07-31,16.289679714916947,,
1894-08-31,16.45777707299836,,
1894-09-30,16.522315444877208,,
1894-10-31,16.50290420570842,,
1894-11-30,16.542784447444543,,
1894-12-31,16.67246633376772,,
1895-01-31,16.524443935162704,,
1895-02-28,16.3312376932114,,
1895-03-31,16.36462542717479,,
1895-04-30,16.387543823686293,,
1895-05-31,17.080369553382383,,
1895-06-30,17.20741353978338,,
1895-07-31,17.54601464874055,,
1895-08-31,18.074072547241787,,
1895-09-30,18.200335946605456,,
1895-10-31,17.944706622466466,,
1895-11-30,17.342998991921686,,
1895-12-31,16.54841515666795,,
1896-01-31,16.576224828568176,,
1896-02-29,17.515403352637264,,
1896-03-31,17.232362712298603,,
1896-04-30,17.643699378129995,,
1896-05-31,17.82826689423282,,
1896-06-30,17.777578616430457,,
1896-07-31,16.637100103394577,,
1896-08-31,15.70337054622687,,
1896-09-30,16.544339943032014,,
1896-10-31,16.43886680472588,,
1896-11-30,17.089425242371114,,
1896-12-31,16.501404180590086,,
1897-01-31,17.026521282380553,,
1897-02-28,16.89402588325409,,
1897-03-31,16.95803071672104,,
1897-04-30,16.69685743473466,,
1897-05-31,17.047755129229383,,
1897-06-30,17.85049728069061,,
1897-07-31,18.651975755820285,,
1897-08-31,19.006396010519442,,
1897-09-30,19.372370293397793,,
1897-10-31,19.02803122390242,,
1897-11-30,18.358448098050218,,
1897-12-31,18.748757662525502,,
1898-01-31,19.249000021813753,,
1898-02-28,18.91813188800214,,
1898-03-31,18.04217492346868,,
1898-04-30,17.705089426411774,,
1898-05-31,17.595635274512816,,
1898-06-30,19.544817480547998,,
1898-07-31,19.858943014167306,,
1898-08-31,20.544915179153282,,
1898-09-30,20.4427328626913,,
1898-10-31,19.94719982577366,,
1898-11-30,20.5274163248113,,
1898-12-31,21.403631985448186,,
1899-01-31,22.932807416487183,,
1899-02-28,23.048117549980198,,
1899-03-31,23.279682245508727,,
1899-04-30,23.152421525686492,,
1899-05-31,22.091269360834193,,
1899-06-30,21.21209192504684,,
1899-07-31,21.561425634523125,,
1899-08-31,21.72623737305546,,
1899-09-30,20.59114051411378,,
1899-10-31,20.153713460686614,,
1899-11-30,20.1964575208023,,
1899-12-31,18.512649643600202,,
1900-01-31,18.674275362444785,,
1900-02-28,18.70379741725144,,
1900-03-31,18.775793421238376,,
1900-04-30,18.93640203332273,,
1900-05-31,18.403197016950415,,
1900-06-30,17.99271158430398,,
1900-07-31,17.689545468952804,,
1900-08-31,18.069614666784194,,
1900-09-30,17.34187415122471,,
1900-10-31,18.102398784556055,,
1900-11-30,19.419584603760757,,
1900-12-31,20.74405116087085,,
1901-01-31,20.978581834536193,,
1901-02-28,21.679149848206194,,
1901-03-31,22.34758395068385,,
1901-04-30,24.409716994827217,,
1901-05-31,23.064012684863563,,
1901-06-30,25.238466205960346,,
1901-07-31,23.144848553708112,,
1901-08-31,23.07717771384438,,
1901-09-30,22.590468316860246,,
1901-10-31,22.252901618408934,,
1901-11-30,22.375074777652806,,
1901-12-31,21.68021514102968,,
1902-01-31,22.34029079603357,,
1902-02-28,22.459957452460408,,
1902-03-31,22.410652288217346,,
1902-04-30,22.823108698497855,,
1902-05-31,22.427954493329803,,
1902-06-30,21.963742295514628,,
1902-07-31,22.385686589401377,,
1902-08-31,23.168671834092873,,
1902-09-30,22.85656638195451,,
1902-10-31,20.604425401859817,,
1902-11-30,20.408541255072187,,
1902-12-31,19.63323212682385,,
1903-01-31,20.3181320538285,,
1903-02-28,20.107051517552808,,
1903-03-31,19.88456038487284,,
1903-04-30,18.980022601826267,,
1903-05-31,18.95485872303988,,
1903-06-30,17.81855172296852,,
1903-07-31,16.91817841476666,,
1903-08-31,16.2991187909035,,
1903-09-30,15.65435911519692,,
1903-10-31,15.252943825778841,,
1903-11-30,15.407877534297898,,
1903-12-31,16.042894140050144,,
1904-01-31,15.861833914033642,,
1904-02-29,15.02149838033144,,
1904-03-31,15.081930176258867,,
1904-04-30,15.565490611691484,,
1904-05-31,15.52582089625464,,
1904-06-30,15.474433638652657,,
1904-07-31,16.036401629624113,,
1904-08-31,16.304651978851034,,
1904-09-30,16.74260004916369,,
1904-10-31,17.633197370821403,,
1904-11-30,18.07620022377007,,
1904-12-31,18.159679118703203,,
1905-01-31,18.459852032455853,,
1905-02-28,19.168996375829835,,
1905-03-31,19.831506074218424,,
1905-04-30,19.48292752471129,,
1905-05-31,18.62948750984513,,
1905-06-30,18.735862386183538,,
1905-07-31,19.205883309548053,,
1905-08-31,19.573308430803724,,
1905-09-30,19.74349241969778,,
1905-10-31,19.897394814329534,,
1905-11-30,19.443525693264984,,
1905-12-31,19.577960809096112,,
1906-01-31,20.132402260807893,,
1906-02-28,19.866752563675888,,
1906-03-31,19.25945302085411,,
1906-04-30,18.87620499611588,,
1906-05-31,18.054044460926395,,
1906-06-30,18.172666376497496,,
1906-07-31,18.19520014351375,,
1906-08-31,18.967251477549294,,
1906-09-30,19.20099368200136,,
1906-10-31,18.095380908869096,,
1906-11-30,18.141851654007958,,
1906-12-31,17.660003667768652,,
1907-01-31,17.218913853705978,,
1907-02-28,16.217071288766146,,
1907-03-31,14.687545255978645,,
1907-04-30,14.66970990560273,,
1907-05-31,13.79010715342424,,
1907-06-30,13.144269952673199,,
1907-07-31,13.585007357961837,,
1907-08-31,12.513471604446607,,
1907-09-30,12.328569657736622,,
1907-10-31,10.831840153050601,,
1907-11-30,10.59117755918978,,
1907-12-31,11.333306235811166,,
1908-01-31,11.902968628266972,,
1908-02-29,11.55484629514479,,
1908-03-31,11.984662664464292,,
1908-04-30,12.448889158370363,,
1908-05-31,13.078451355438341,,
1908-06-30,13.051684129229988,,
1908-07-31,13.3454871048344,,
1908-08-31,13.88423289520861,,
1908-09-30,13.701442268825113,,
1908-10-31,13.690810359178709,,
1908-11-30,14.435014091256262,,
1908-12-31,14.582482908962438,,
1909-01-31,14.76441845644136,,
1909-02-28,14.167157516701366,,
1909-03-31,14.33605838058622,,
1909-04-30,14.645198603086122,,
1909-05-31,14.953509786582782,,
1909-06-30,15.040444676080996,,
1909-07-31,15.231503240497684,,
1909-08-31,15.417580706254759,,
1909-09-30,15.25444643682118,,
1909-10-31,14.988845296121768,,
1909-11-30,14.74563117682459,,
1909-12-31,14.750638489265036,,
1910-01-31,14.547885040564148,,
1910-02-28,14.002037903032702,,
1910-03-31,14.050006965077824,,
1910-04-30,13.559883620820079,,
1910-05-31,13.568792287251453,,
1910-06-30,13.019657302315943,,
1910-07-31,12.34258125998522,,
1910-08-31,12.745055150886254,,
1910-09-30,12.937161101070847,,
1910-10-31,13.918866656445815,,
1910-11-30,14.164523175780351,,
1910-12-31,13.74147841778155,,
1911-01-31,14.049215181401202,,
1911-02-28,14.721488469928302,,
1911-03-31,14.370623221979534,,
1911-04-30,14.752935420329353,,
1911-05-31,15.047660591685043,,
1911-06-30,15.328355684719284,,
1911-07-31,15.08311057870027,,
1911-08-31,13.899790665654447,,
1911-09-30,12.997953983252437,,
1911-10-31,13.066472850619194,,
1911-11-30,13.727997586413094,,
1911-12-31,13.929258419578236,,
1912-01-31,13.794952631845822,,
1912-02-29,13.531634369686595,,
1912-03-31,13.639769173944167,,
1912-04-30,13.654392690553232,,
1912-05-31,13.645500685612367,,
1912-06-30,13.785417404502525,,
1912-07-31,13.802876645015786,,
1912-08-31,13.984761763426272,,
1912-09-30,13.92628500131587,,
1912-10-31,13.905092701178463,,
1912-11-30,13.74954101860653,,
1912-12-31,13.388999452579629,,
1913-01-31,13.148088791761557,,
1913-02-28,12.682960516236756,,
1913-03-31,12.443453515183657,,
1913-04-30,12.433067081795162,,
1913-05-31,12.221401061154124,,
1913-06-30,11.491962852761224,,
1913-07-31,11.534022795459858,,
1913-08-31,11.846840543564626,,
1913-09-30,11.843316826625973,,
1913-10-31,11.471490240312288,,
1913-11-30,11.072537845038006,,
1913-12-31,11.17404087003679,,
1914-01-31,11.636092105046133,,
1914-02-28,11.910233879798238,,
1914-03-31,11.685526018836827,,
1914-04-30,11.522662536200235,,
1914-05-31,11.47900869416448,,
1914-06-30,11.428715168831886,,
1914-07-31,10.694345183040136,,
1914-08-31,10.492046265076436,,
1914-09-30,10.500497301802131,,
1914-10-31,10.61275946612622,,
1914-11-30,10.51691764299212,,
1914-12-31,10.172217991997861,,
1915-01-31,10.359834197757266,,
1915-02-28,10.32978620966069,,
1915-03-31,10.70701318868281,,
1915-04-30,11.401123789000183,,
1915-05-31,11.02692987647131,,
1915-06-30,11.154262189096338,,
1915-07-31,11.1136293939496,,
1915-08-31,11.584831641604596,,
1915-09-30,12.011570757825888,,
1915-10-31,12.549076133220147,,
1915-11-30,12.857714453559307,,
1915-12-31,12.878444602185981,,
1916-01-31,12.543563692516168,,
1916-02-29,12.354652326458789,,
1916-03-31,12.177052795748478,,
1916-04-30,11.906481776593179,,
1916-05-31,12.026256671905157,,
1916-06-30,11.995961222946578,,
1916-07-31,11.791165275254547,,
1916-08-31,11.73208263887416,,
1916-09-30,11.94455241750447,,
1916-10-31,12.045741763370797,,
1916-11-30,12.053230403230497,,
1916-12-31,11.41355918884949,,
1917-01-31,10.992361427383424,,
1917-02-28,10.063187738735728,,
1917-03-31,10.327157080107876,,
1917-04-30,9.644531197281234,,
1917-05-31,9.138988813373578,,
1917-06-30,9.148220259539583,,
1917-07-31,9.003472377228805,,
1917-08-31,8.57268046675378,,
1917-09-30,7.950823264217066,,
1917-10-31,7.387133711108147,,
1917-11-30,6.753013604774308,,
1917-12-31,6.412593898119818,,
1918-01-31,6.640646028655352,,
1918-02-28,6.784343551630282,,
1918-03-31,6.686355760455894,,
1918-04-30,6.520727730547159,,
1918-05-31,6.5823632316210805,,
1918-06-30,6.496291318641057,,
1918-07-31,6.371324093848989,,
1918-08-31,6.303073760914594,,
1918-09-30,6.149170562431681,,
1918-10-31,6.290515321191322,,
1918-11-30,6.3333274953541565,,
1918-12-31,6.134580411283435,,
1919-01-31,6.098467639950106,,
1919-02-28,6.2396927713649815,,
1919-03-31,6.3560740048691455,,
1919-04-30,6.456139555819275,,
1919-05-31,6.829002261482033,,
1919-06-30,7.021615214784134,,
1919-07-31,7.052837165446312,,
1919-08-31,6.4791311017052795,,
1919-09-30,6.558481672061264,,
1919-10-31,6.794704199949302,,
1919-11-30,6.467022574133132,,
1919-12-31,6.160717033799176,,
1920-01-31,5.9896677711394375,,
1920-02-29,5.455347649907771,,
1920-03-31,5.798822727557157,,
1920-04-30,5.599858725506185,,
1920-05-31,5.188950462047495,,
1920-06-30,5.043639680451618,,
1920-07-31,5.080592919540795,,
1920-08-31,5.0207010779228565,,
1920-09-30,5.297162770108058,,
1920-10-31,5.351177393424155,,
1920-11-30,5.126407930947925,,
1920-12-31,4.784241045083248,,
1921-01-31,5.122184146887374,,
1921-02-28,5.274857191205047,,
1921-03-31,5.192348158684177,,
1921-04-30,5.297085922739674,,
1921-05-31,5.609469225330775,,
1921-06-30,5.21611096098932,,
1921-07-31,5.197779361905469,,
1921-08-31,5.16129482321573,,
1921-09-30,5.3775244254582555,,
1921-10-31,5.4792576780533455,,
1921-11-30,5.83819699320089,,
1921-12-31,6.11415884941727,,
1922-01-31,6.287087290347128,,
1922-02-28,6.4613058726969825,,
1922-03-31,6.82138724903604,,
1922-04-30,7.273253390209859,,
1922-05-31,7.593467258919378,,
1922-06-30,7.557987351755127,,
1922-07-31,7.602095045774032,,
1922-08-31,8.020030689895775,,
1922-09-30,8.265083002284303,,
1922-10-31,8.432151998761896,,
1922-11-30,7.998253772269837,,
1922-12-31,7.964679864939999,,
1923-01-31,8.154200483069156,,
1923-02-28,8.533360579065967,,
1923-03-31,8.700737500978533,,
1923-04-30,8.372809668463814,,
1923-05-31,8.00049786759821,,
1923-06-30,7.671825282673079,,
1923-07-31,7.34598511949065,,
1923-08-31,7.44178317421737,,
1923-09-30,7.458183867189794,,
1923-10-31,7.317400395621481,,
1923-11-30,7.546327911916236,,
1923-12-31,7.809739144938745,,
1924-01-31,8.07224944603738,,
1924-02-29,8.16206622085036,,
1924-03-31,8.058077044116095,,
1924-04-30,7.923620348327982,,
1924-05-31,7.899698330665295,,
1924-06-30,8.051676946396649,,
1924-07-31,8.377712139971836,,
1924-08-31,8.717418308548332,,
1924-09-30,8.581670375209054,,
1924-10-31,8.419491035872428,,
1924-11-30,8.888327361250973,,
1924-12-31,9.310639680416376,,
1925-01-31,9.692618852254997,,
1925-02-28,9.830804722819575,,
1925-03-31,9.518537538810032,,
1925-04-30,9.476566787903069,,
1925-05-31,9.72900769402133,,
1925-06-30,9.796386180450611,,
1925-07-31,9.963993891787798,,
1925-08-31,10.11091845848894,,
1925-09-30,10.3592476113485,,
1925-10-31,10.718495997022927,,
1925-11-30,10.88631744030793,,
1925-12-31,11.14736523913725,,
1926-01-31,11.340966188506233,,
1926-02-28,11.389435672748007,,
1926-03-31,10.712352062732482,,
1926-04-30,10.395587685954728,,
1926-05-31,10.575158463806096,,
1926-06-30,11.197979740229954,,
1926-07-31,11.869694058481278,,
1926-08-31,12.488808219521875,,
1926-09-30,12.692614823344718,,
1926-10-31,12.426517521583348,,
1926-11-30,12.615251212344482,,
1926-12-31,13.009052728993133,,
1927-01-31,13.185930628677792,,
1927-02-28,13.633966132216212,,
1927-03-31,14.033257507604494,,
1927-04-30,14.488222209157056,,
1927-05-31,15.002347055737118,,
1927-06-30,15.12033348174753,,
1927-07-31,15.820802594477753,,
1927-08-31,16.86286185276381,,
1927-09-30,17.818723713516423,,
1927-10-31,17.53723785226109,,
1927-11-30,18.13130143495243,,
1927-12-31,18.646624021402527,,
1928-01-31,18.80612857170077,,
1928-02-29,18.86885051958404,,
1928-03-31,19.94341779906454,,
1928-04-30,21.257909249487497,,
1928-05-31,21.83273217874003,,
1928-06-30,20.913421576866707,,
1928-07-31,21.081905435296793,,
1928-08-31,21.76213150257924,,
1928-09-30,23.004649446159235,,
1928-10-31,23.578344239585043,,
1928-11-30,25.121984571109593,,
1928-12-31,25.301591027426145,,
1929-01-31,27.083199620832772,,
1929-02-28,27.13167279824738,,
1929-03-31,27.67574843786188,,
1929-04-30,27.5684544728983,,
1929-05-31,27.698586875008132,,
1929-06-30,27.935467830288687,,
1929-07-31,29.933289406842214,,
1929-08-31,31.480313247173004,,
1929-09-30,32.5637885987767,,
1929-10-31,28.96106716435479,,
1929-11-30,21.17103600009704,,
1929-12-31,22.007373176418334,,
1930-01-31,22.310724294336847,,
1930-02-28,23.69711774933588,,
1930-03-31,24.58660779266885,,
1930-04-30,25.843436862018308,,
1930-05-31,24.309760633908166,,
1930-06-30,21.866899333389473,,
1930-07-31,21.548797592546645,,
1930-08-31,21.300602241118145,,
1930-09-30,21.07258178844731,,
1930-10-31,18.214870154658627,,
1930-11-30,16.93971137777516,,
1930-12-31,16.05500185653132,,
1931-01-31,16.705478731547604,,
1931-02-28,18.161492436976086,,
1931-03-31,18.579561032791283,,
1931-04-30,16.87231533160966,,
1931-05-31,15.401539999110106,,
1931-06-30,15.062476074643241,,
1931-07-31,15.516750095516311,,
1931-08-31,15.006276602886537,,
1931-09-30,12.81774526110688,,
1931-10-31,11.145926407660927,,
1931-11-30,11.415600295644674,,
1931-12-31,9.306032867968314,,
1932-01-31,9.312406455177843,,
1932-02-29,9.3369322510084,,
1932-03-31,9.413065028012209,,
1932-04-30,7.192233196115484,,
1932-05-31,6.390857289881442,,
1932-06-30,5.565059371528964,,
1932-07-31,5.838763671851199,,
1932-08-31,8.83465320518121,,
1932-09-30,9.761168564063706,,
1932-10-31,8.478606607689082,,
1932-11-30,8.463309567122897,,
1932-12-31,8.25707399910068,,
1933-01-31,8.728046162813529,,
1933-02-28,7.826051751316596,,
1933-03-31,7.874681322943168,,
1933-04-30,8.723101646068113,,
1933-05-31,11.249651251932447,,
1933-06-30,13.098875517269521,,
1933-07-31,13.754304493874534,,
1933-08-31,12.999527050367737,,
1933-09-30,12.922920614885996,,
1933-10-31,11.696253568143696,,
1933-11-30,12.01176619338994,,
1933-12-31,12.281801622601119,,
1934-01-31,13.02511982833238,,
1934-02-28,13.926922904274301,,
1934-03-31,13.25453762974009,,
1934-04-30,13.518389284490098,,
1934-05-31,12.181583235024027,,
1934-06-30,12.287726483952428,,
1934-07-31,11.741524229318248,,
1934-08-31,11.315025981829052,,
1934-09-30,10.909954083288849,,
1934-10-31,11.108352605351731,,
1934-11-30,11.448808690205704,,
1934-12-31,11.639337566475886,,
1935-01-31,11.495907968201596,,
1935-02-28,11.087812159055565,,
1935-03-31,10.398272404790031,,
1935-04-30,11.104210207149524,,
1935-05-31,11.985576683480101,,
1935-06-30,12.539519324443896,,
1935-07-31,13.202137936511015,,
1935-08-31,14.105056846668958,,
1935-09-30,14.418891702707441,,
1935-10-31,14.826232627114097,,
1935-11-30,16.12960516325115,,
1935-12-31,16.159192714615337,,
1936-01-31,17.087359845997245,,
1936-02-29,18.104536459517796,,
1936-03-31,18.66047820392603,,
1936-04-30,18.7189996651515,,
1936-05-31,17.750192519328646,,
1936-06-30,18.39300106583135,,
1936-07-31,19.360464512319144,,
1936-08-31,19.623060162983762,,
1936-09-30,19.86202424328763,,
1936-10-31,20.913091852533125,,
1936-11-30,21.49976534102416,,
1936-12-31,21.125663548155444,,
1937-01-31,21.61874158295351,,
1937-02-28,22.244221552805165,,
1937-03-31,22.042197016050576,,
1937-04-30,20.556579457432864,,
1937-05-31,19.47417468657211,,
1937-06-30,18.711659960364965,,
1937-07-31,19.646723279607627,,
1937-08-31,19.806982577380964,,
1937-09-30,16.847882862705806,,
1937-10-31,14.361659574753352,,
1937-11-30,13.158119166486063,,
1937-12-31,13.008483033706137,,
1938-01-31,13.511461918562418,,
1938-02-28,13.26307623646087,,
1938-03-31,12.37728623469769,,
1938-04-30,11.789517720684183,,
1938-05-31,11.992275930545693,,
1938-06-30,12.288966307788131,,
1938-07-31,14.77032801749207,,
1938-08-31,14.903588512604365,,
1938-09-30,14.282330508639967,,
1938-10-31,16.06114764333344,,
1938-11-30,16.149571800715517,,
1938-12-31,15.756484438994006,,
1939-01-31,15.599634410919288,,
1939-02-28,15.664696928954772,,
1939-03-31,15.729223743214229,,
1939-04-30,13.916994579812405,,
1939-05-31,14.502929499657775,,
1939-06-30,14.833828921489786,,
1939-07-31,15.270952598570258,,
1939-08-31,15.120082343333989,,
1939-09-30,16.452835577060963,,
1939-10-31,16.82120480626564,,
1939-11-30,16.59923850994664,,
1939-12-31,16.280412901283842,,
1940-01-31,16.37848034261367,,
1940-02-29,16.216119847731054,,
1940-03-31,16.172906305307897,,
1940-04-30,16.370988707128785,,
1940-05-31,14.138747694800731,,
1940-06-30,12.843765598268808,,
1940-07-31,13.36988476321006,,
1940-08-31,13.649399392391642,,
1940-09-30,14.214842598620642,,
1940-10-31,14.328290323104959,,
1940-11-30,14.636689248763613,,
1940-12-31,13.908426122353838,,
1941-01-31,13.904158267950832,,
1941-02-28,13.002943303402448,,
1941-03-31,12.955719822063331,,
1941-04-30,12.429370389220786,,
1941-05-31,12.037206512481578,,
1941-06-30,12.164306590628442,,
1941-07-31,12.744996277919583,,
1941-08-31,12.46317372038781,,
1941-09-30,12.27972927209308,,
1941-10-31,11.57781495657408,,
1941-11-30,10.911668685916966,,
1941-12-31,10.086593309917905,,
1942-01-31,10.101686431929252,,
1942-02-28,9.680255591749361,,
1942-03-31,9.003426617760969,,
1942-04-30,8.544255707588261,,
1942-05-31,8.50611625969605,,
1942-06-30,8.90545692851805,,
1942-07-31,9.150488900994741,,
1942-08-31,9.012823047564297,,
1942-09-30,9.077829839371503,,
1942-10-31,9.599176749352992,,
1942-11-30,9.661334152171664,,
1942-12-31,9.61751410328318,,
1943-01-31,10.150534220432082,,
1943-02-28,10.708982995221266,,
1943-03-31,10.850541744036802,,
1943-04-30,11.039227142939692,,
1943-05-31,11.362215800613695,,
1943-06-30,11.51674478645123,,
1943-07-31,11.774213341781651,,
1943-08-31,11.210545904158963,,
1943-09-30,11.336281939610283,,
1943-10-31,11.187335503326027,,
1943-11-30,10.631033673001417,,
1943-12-31,10.73736031604107,,
1944-01-31,11.05241276397747,,
1944-02-29,10.94791888772472,,
1944-03-31,11.224693196180679,,
1944-04-30,10.938275188239396,,
1944-05-31,11.103736936792616,,
1944-06-30,11.5327852725325,,
1944-07-31,11.73877475018071,,
1944-08-31,11.541711674209218,,
1944-09-30,11.32856058469647,,
1944-10-31,11.583105186279123,,
1944-11-30,11.47845919805548,,
1944-12-31,11.63868359335513,,
1945-01-31,11.960463439806993,,
1945-02-28,12.341753548186317,,
1945-03-31,12.32331031138933,,
1945-04-30,12.631867236563076,,
1945-05-31,13.036560628785356,,
1945-06-30,13.130223361406054,,
1945-07-31,12.86702844300916,,
1945-08-31,12.915378562256745,,
1945-09-30,13.79826495171978,,
1945-10-31,14.374662675391342,,1252.0
1945-11-30,14.847702661876786,,1252.0
1945-12-31,15.02034747473997,,1252.0
1946-01-31,15.623163177761676,,1252.0
1946-02-28,15.761666525801909,,1252.0
1946-03-31,15.134873415142536,,1252.0
1946-04-30,16.040842386215918,,1252.0
1946-05-31,16.01372317083218,,1252.0
1946-06-30,15.773186880128746,,1252.0
1946-07-31,14.508136111909067,,1252.0
1946-08-31,13.98493930994276,,1252.0
1946-09-30,11.841267540149635,,1252.0
1946-10-31,11.387602961765051,,594.0
1946-11-30,11.110043656743295,,594.0
1946-12-31,11.372779425862708,,594.0
1947-01-31,11.469296334735576,,594.0
1947-02-28,11.949565314209437,,594.0
1947-03-31,11.287903096501285,,594.0
1947-04-30,10.900825126392677,,594.0
1947-05-31,10.733674273688536,,594.0
1947-06-30,11.082715855052095,,594.0
1947-07-31,11.696446553354363,,594.0
1947-08-31,11.33747235532983,,594.0
1947-09-30,10.827463017228837,,594.0
1947-10-31,11.132662042754786,,636.0
1947-11-30,10.975407324839072,,636.0
1947-12-31,10.68091253196919,,636.0
1948-01-31,10.419342657320323,,636.0
1948-02-29,9.999761169144184,,636.0
1948-03-31,10.186680609489674,,636.0
1948-04-30,10.77948448202462,,636.0
1948-05-31,11.241032697984439,,636.0
1948-06-30,11.583895756523843,,636.0
1948-07-31,11.134621739180933,,636.0
1948-08-31,10.723556662478131,,636.0
1948-09-30,10.55301368939916,,636.0
1948-10-31,10.825409809169495,,605.0
1948-11-30,10.248096205635571,,605.0
1948-12-31,10.159652938900916,,605.0
1949-01-31,10.24828575803898,,605.0
1949-02-28,9.872517140570059,,605.0
1949-03-31,9.901332491240924,,605.0
1949-04-30,9.78363986754406,,605.0
1949-05-31,9.692295086395816,,605.0
1949-06-30,9.067718943419537,,605.0
1949-07-31,9.605038093363925,,605.0
1949-08-31,9.851348638079234,,605.0
1949-09-30,9.884048361738287,,605.0
1949-10-31,10.169850844772146,,969.0
1949-11-30,10.21586101165065,,969.0
1949-12-31,10.529330904131147,,969.0
1950-01-31,10.745733299747911,,969.0
1950-02-28,10.911564066731684,,969.0
1950-03-31,10.910946522976257,,969.0
1950-04-30,11.178021600956098,,969.0
1950-05-31,11.461543104586232,,969.0
1950-06-30,11.554126144044288,,969.0
1950-07-31,10.539745658930993,,969.0
1950-08-31,11.04061167026154,,969.0
1950-09-30,11.3373911022773,,969.0
1950-10-31,11.662444039105264,,1492.0
1950-11-30,11.542173388716298,,1492.0
1950-12-31,11.306665788890761,,1492.0
1951-01-31,11.89575983943707,,1492.0
1951-02-28,12.141507370682692,,1492.0
1951-03-31,11.841626487283097,,1492.0
1951-04-30,11.951097197083959,,1492.0
1951-05-31,11.863875406269177,,1492.0
1951-06-30,11.61566485702518,,1492.0
1951-07-31,11.778190092457809,,1492.0
1951-08-31,12.256989084145143,,1492.0
1951-09-30,12.44495315715004,,1492.0
1951-10-31,12.309457904118688,,1421.0
1951-11-30,11.852030617771039,,1421.0
1951-12-31,12.147072568106777,,1421.0
1952-01-31,12.527059748172297,,1422.0
1952-02-29,12.36411935046109,,1422.0
1952-03-31,12.362339087390364,,1422.0
1952-04-30,12.24272868326688,,1454.0
1952-05-31,12.200478761945837,,1454.0
1952-06-30,12.447881581789366,,1454.0
1952-07-31,12.669112889622479,,1465.0
1952-08-31,12.678378236328621,,1465.0
1952-09-30,12.434678020425505,,1465.0
1952-10-31,12.13118355868687,,1502.0
1952-11-30,12.47346976551531,,1502.0
1952-12-31,12.933964306161373,,1502.0
1953-01-31,13.010773447995183,,1665.0
1953-02-28,12.859346880687902,,1665.0
1953-03-31,12.83481934009249,,1665.0
1953-04-30,12.1639014540068,,1854.0
1953-05-31,12.141970791867779,,1854.0
1953-06-30,11.62440788547008,,1854.0
1953-07-31,11.750201645309998,,1789.0
1953-08-31,11.715076201734,,1789.0
1953-09-30,11.139349357262919,,1789.0
1953-10-31,11.391934765421409,,1866.0
1953-11-30,11.644070268505766,,1866.0
1953-12-31,11.75444918402729,,1866.0
1954-01-31,12.002650554927824,,1888.0
1954-02-28,12.215052485432834,,1888.0
1954-03-31,12.420105295189968,,1888.0
1954-04-30,12.907868184060913,,2045.0
1954-05-31,13.312042238025853,,2045.0
1954-06-30,13.357885903658993,,2045.0
1954-07-31,13.833009564245325,,2290.0
1954-08-31,14.042112347320572,,2290.0
1954-09-30,14.356474143296973,,2290.0
1954-10-31,14.619231935730559,,2672.0
1954-11-30,15.117311697434385,,2672.0
1954-12-31,15.78906200232708,,2672.0
1955-01-31,15.990781062969829,,2971.0
1955-02-28,16.437728215987107,,2971.0
1955-03-31,16.21928294553779,,2971.0
1955-04-30,16.685266628063495,,3033.0
1955-05-31,16.518057827257792,,3033.0
1955-06-30,17.3700919634053,,3033.0
1955-07-31,18.454031906632867,,3133.0
1955-08-31,18.222326463047743,,3133.0
1955-09-30,18.843960654261306,,3133.0
1955-10-31,17.772325789386088,,3108.0
1955-11-30,18.83555928827389,,3108.0
1955-12-31,18.94236903581357,,3108.0
1956-01-31,18.292585385418892,,3099.0
1956-02-29,18.266116815127777,,3099.0
1956-03-31,19.371210099299958,,3099.0
1956-04-30,19.370593634578498,,3102.0
1956-05-31,18.544506591754434,,3102.0
1956-06-30,18.158163846958697,,3102.0
1956-07-31,18.856797596896786,,3097.0
1956-08-31,18.670937110186422,,3097.0
1956-09-30,17.83664079631202,,3097.0
1956-10-31,17.41895294863613,,3142.0
1956-11-30,17.120339736628257,,3142.0
1956-12-31,17.197522725560923,,3142.0
1957-01-31,16.717780078533007,,3015.0
1957-02-28,15.843733142229743,,3015.0
1957-03-31,15.900417108869165,,3015.0
1957-04-30,16.123704360211754,,3210.0
1957-05-31,16.59811078911426,,3210.0
1957-06-30,16.729918872472865,,3210.0
1957-07-31,16.868882383979795,,3106.0
1957-08-31,15.868942729452241,,3106.0
1957-09-30,15.15727448896221,,3106.0
1957-10-31,14.149451489483534,,2805.0
1957-11-30,13.73624223529848,,2805.0
1957-12-31,13.673246057951383,,2805.0
1958-01-31,13.788431552307634,,3054.0
1958-02-28,13.784906390337678,,3054.0
1958-03-31,13.925589923892938,,3054.0
1958-04-30,13.913501765262778,,3486.0
1958-05-31,14.32382496840923,,3486.0
1958-06-30,14.635555551956267,,3486.0
1958-07-31,14.957457101901133,,3554.0
1958-08-31,15.544566891165923,,3554.0
1958-09-30,15.931923184092845,,3554.0
1958-10-31,16.559803310351572,,3770.0
1958-11-30,16.988883579386336,,3770.0
1958-12-31,17.35835736536996,,3770.0
1959-01-31,17.98033934299339,,3804.0
1959-02-28,17.759169263611422,,3804.0
1959-03-31,18.200871845485636,,3804.0
1959-04-30,18.430753048783426,,3901.0
1959-05-31,18.692721439594187,,3901.0
1959-06-30,18.44859139706648,,3901.0
1959-07-31,19.090533975796514,,3747.0
1959-08-31,18.95880364075021,,3747.0
1959-09-30,18.12329055675862,,3747.0
1959-10-31,18.02196244151543,,3773.0
1959-11-30,18.07178913057022,,3773.0
1959-12-31,18.624728977900112,,3773.0
1960-01-31,18.338284994375567,,3460.0
1960-02-29,17.54527510894598,,3460.0
1960-03-31,17.286020720522153,,3460.0
1960-04-30,17.429766947597205,,3507.0
1960-05-31,17.25617057872792,,3507.0
1960-06-30,17.823363817264745,,3507.0
1960-07-31,17.376806472898117,,3585.0
1960-08-31,17.582113039577674,,3585.0
1960-09-30,17.052015467817665,,3585.0
1960-10-31,16.605104536251027,,3649.0
1960-11-30,17.146088452419004,,3649.0
1960-12-31,17.562090833957125,,3649.0
1961-01-31,18.470416986477176,,4022.0
1961-02-28,19.234014498298354,,4022.0
1961-03-31,19.84422527272557,,4022.0
1961-04-30,20.38284297575478,,4482.0
1961-05-31,20.598606843297347,,4482.0
1961-06-30,20.332414551592294,,4482.0
1961-07-31,20.146643736827325,,4441.0
1961-08-31,20.941688475215194,,4441.0
1961-09-30,20.70524304414726,,4441.0
1961-10-31,20.92419014101079,,4723.0
1961-11-30,21.857957721959675,,4723.0
1961-12-31,22.041480198382267,,4723.0
1962-01-31,21.19793140001523,,4379.0
1962-02-28,21.451687754873376,,4379.0
1962-03-31,21.44315856852624,,4379.0
1962-04-30,20.658336447649038,,4001.0
1962-05-31,19.089367498116655,,4001.0
1962-06-30,16.82757124479247,,4001.0
1962-07-31,17.141325661322796,,4305.0
1962-08-31,17.571262631045535,,4305.0
1962-09-30,17.321461147465484,,4305.0
1962-10-31,16.739820967901334,,4564.0
1962-11-30,17.854386489497152,,4564.0
1962-12-31,18.585836118439865,,4564.0
1963-01-31,19.259231693254055,,4645.0
1963-02-28,19.469191309671416,,4645.0
1963-03-31,19.288064606604838,,4645.0
1963-04-30,20.15007723822699,,5423.0
1963-05-31,20.50758586495262,,5423.0
1963-06-30,20.384149993841003,,5423.0
1963-07-31,19.969231885949643,,5893.0
1963-08-31,20.472637900527687,,5893.0
1963-09-30,20.960360090705116,,5893.0
1963-10-31,20.891344595411496,,6095.0
1963-11-30,20.720399335339714,,6095.0
1963-12-31,21.038599376737054,,6095.0
1964-01-31,21.627216196980946,,5926.0
1964-02-29,21.832670826710334,,5926.0
1964-03-31,22.167245585982645,,5926.0
1964-04-30,22.422192169737183,,5927.0
1964-05-31,22.574330769563844,,5927.0
1964-06-30,22.300288036082797,,5927.0
1964-07-31,22.984351845738402,,5764.0
1964-08-31,22.650407292938795,,5764.0
1964-09-30,22.892221984231686,,5764.0
1964-10-31,23.21215468067534,,5610.0
1964-11-30,23.22501979309582,,5610.0
1964-12-31,22.75298477278727,,5610.0
1965-01-31,23.269335081922474,,5572.0
1965-02-28,23.372068272751342,,5572.0
1965-03-31,23.253528200034843,,5572.0
1965-04-30,23.4205519547713,,5592.0
1965-05-31,23.708808308861954,,5592.0
1965-06-30,22.385342986457793,,5592.0
1965-07-31,22.300781712174434,,5420.0
1965-08-31,22.665971845964386,,5420.0
1965-09-30,23.374146831648623,,5420.0
1965-10-31,23.775745523312686,,5986.0
1965-11-30,23.925461156673713,,5986.0
1965-12-31,23.69411154910632,,5986.0
1966-01-31,24.058483388421738,,6137.0
1966-02-28,23.700027145579394,,6137.0
1966-03-31,22.611112582289987,,6137.0
1966-04-30,23.113696462615827,,6303.0
1966-05-31,21.8521779767631,,6303.0
1966-06-30,21.555253383226255,,6303.0
1966-07-31,21.381702007433415,,5905.0
1966-08-31,19.913903864009807,,5905.0
1966-09-30,19.161676250615006,,5905.0
1966-10-31,18.825409371315676,,5950.0
1966-11-30,19.711251211928968,,5950.0
1966-12-31,19.736473752791966,,5950.0
1967-01-31,20.432242125384278,,6479.0
1967-02-28,21.074443163678435,,6479.0
1967-03-31,21.44389860201909,,6479.0
1967-04-30,21.68602556674624,,6983.0
1967-05-31,21.948477389658397,,6983.0
1967-06-30,21.552097609793478,,6983.0
1967-07-31,21.804196245666358,,7922.0
1967-08-31,22.03062704912601,,7922.0
1967-09-30,22.219145488664783,,7922.0
1967-10-31,22.068199194183883,,9164.0
1967-11-30,21.263102968336277,,9164.0
1967-12-31,21.751597808723627,,9164.0
1968-01-31,21.511535896332177,,8593.0
1968-02-29,20.424992376214224,,8593.0
1968-03-31,19.9347113082957,,8593.0
1968-04-30,21.277356015671742,,10514.0
1968-05-31,21.63022714277988,,10514.0
1968-06-30,22.004623431346534,,10514.0
1968-07-31,21.75353741567095,,10759.0
1968-08-31,21.13776679361786,,10759.0
1968-09-30,21.680275633292936,,10759.0
1968-10-31,22.00460692795689,,12005.0
1968-11-30,22.195529227158158,,12005.0
1968-12-31,22.277872995434887,,12005.0
1969-01-31,21.194968072847157,,10271.0
1969-02-28,20.89572990198724,,10271.0
1969-03-31,20.202287616481662,,10271.0
1969-04-30,20.42860808193216,,9841.0
1969-05-31,20.9722582719721,,9841.0
1969-06-30,19.713341583757636,,9841.0
1969-07-31,18.681708207192766,,8216.0
1969-08-31,18.42951559020775,,8216.0
1969-09-30,18.39804634467698,,8216.0
1969-10-31,18.448662031815367,,8476.0
1969-11-30,18.437760084691057,,8476.0
1969-12-31,17.3269299137427,,8476.0
1970-01-31,17.09054139514022,,7298.0
1970-02-28,16.372586787159864,,7298.0
1970-03-31,16.531690813943623,,7298.0
1970-04-30,15.873067819354068,,6532.0
1970-05-31,13.983836060789194,,6532.0
1970-06-30,13.799691797725185,,6532.0
1970-07-31,13.726499744359776,,6795.0
1970-08-31,14.100456516815452,,6795.0
1970-09-30,14.842661145242232,,6795.0
1970-10-31,15.064185404089631,,7188.0
1970-11-30,14.950761908791737,,7188.0
1970-12-31,15.873840687205748,,7188.0
1971-01-31,16.46179394349194,,7302.0
1971-02-28,17.03453478150213,,7302.0
1971-03-31,17.402902607188878,,7302.0
1971-04-30,17.92411044795961,,8159.0
1971-05-31,17.56415327969939,,8159.0
1971-06-30,17.08316688007071,,8159.0
1971-07-31,16.889414708693362,,8785.0
1971-08-31,16.519449443051574,,8785.0
1971-09-30,16.856792547836005,,8785.0
1971-10-31,16.42886270915948,,9764.0
1971-11-30,15.63871265432665,,9764.0
1971-12-31,16.60355721292534,,9764.0
1972-01-31,17.26299679703518,,11646.0
1972-02-29,17.464147605486176,,11646.0
1972-03-31,17.805643849614945,,11646.0
1972-04-30,17.915161678498304,,13000.0
1972-05-31,17.662646200372556,,13000.0
1972-06-30,17.640857315740256,,13000.0
1972-07-31,17.39869003113817,,13394.0
1972-08-31,17.943404688029805,,13394.0
1972-09-30,17.613854552912112,,13394.0
1972-10-31,17.53318385415856,,13485.0
1972-11-30,18.338894714968063,,13485.0
1972-12-31,18.645719442073684,,13485.0
1973-01-31,18.712530467302436,,12401.0
1973-02-28,17.889889599193758,,12401.0
1973-03-31,17.41214205829034,,12401.0
1973-04-30,16.935740066050826,,10845.0
1973-05-31,16.314338759668573,,10845.0
1973-06-30,15.808323047681984,,10845.0
1973-07-31,15.889518573988786,,10181.0
1973-08-31,15.278501094706124,,10181.0
1973-09-30,15.475308601805564,,10181.0
1973-10-31,15.913516308933389,,9149.0
1973-11-30,14.651845159710572,,9149.0
1973-12-31,13.493329686205888,,9149.0
1974-01-31,13.530721892513949,,8502.0
1974-02-28,12.957321280205388,,8502.0
1974-03-31,13.310364239140162,,8502.0
1974-04-30,12.550411048540905,,8033.0
1974-05-31,11.99543694732966,,8033.0
1974-06-30,11.888498820078999,,8033.0
1974-07-31,10.39414180532705,,7732.0
1974-08-31,9.824195723141194,,7732.0
1974-09-30,8.680421305646334,,7732.0
1974-10-31,8.744983833809584,,7583.0
1974-11-30,8.948984512755604,,7583.0
1974-12-31,8.289060055923082,,7583.0
1975-01-31,8.920995508404248,,7581.0
1975-02-28,9.762246716166471,,7581.0
1975-03-31,10.163796767444035,,7581.0
1975-04-30,10.23307613660592,,7709.0
1975-05-31,10.81813911933581,,7709.0
1975-06-30,11.011354609247661,,7709.0
1975-07-31,10.902767048238575,,8030.0
1975-08-31,10.089769593328016,,8030.0
1975-09-30,9.918905356559423,,8030.0
1975-10-31,10.327599777501112,,8605.0
1975-11-30,10.435859457947897,,8605.0
1975-12-31,10.250368416256839,,8605.0
1976-01-31,11.18505136262215,,9959.0
1976-02-29,11.586092994449693,,9959.0
1976-03-31,11.631754403566513,,9959.0
1976-04-30,11.68916413220637,,11223.0
1976-05-31,11.532053585609427,,11223.0
1976-06-30,11.543841631417108,,11223.0
1976-07-31,11.75749048868991,,11645.0
1976-08-31,11.597986002509254,,11645.0
1976-09-30,11.805990949539794,,11645.0
1976-10-31,11.345696136316702,,12510.0
1976-11-30,11.248855860507968,,12510.0
1976-12-31,11.597589726582946,,12510.0
1977-01-31,11.437961346787558,,12936.0
1977-02-28,11.014841854222778,,12936.0
1977-03-31,10.895746511662741,,12936.0
1977-04-30,10.63603740914136,,14024.0
1977-05-31,10.548486693556999,,14024.0
1977-06-30,10.530023959090757,,14024.0
1977-07-31,10.567692447775407,,13981.0
1977-08-31,10.268385666710998,,13981.0
1977-09-30,10.067742820070704,,13981.0
1977-10-31,9.766666299556547,,14527.0
1977-11-30,9.766299983660199,,14527.0
1977-12-31,9.67826658253592,,14527.0
1978-01-31,9.241462260934691,,16401.0
1978-02-28,9.045263570704742,,16401.0
1978-03-31,8.950420077633895,,16401.0
1978-04-30,9.262588720866848,,18950.0
1978-05-31,9.63491072859845,,18950.0
1978-06-30,9.549678981041739,,18950.0
1978-07-31,9.425524047787361,,20731.0
1978-08-31,10.023970854003752,,20731.0
1978-09-30,9.941887473004407,,20731.0
1978-10-31,9.533608358208832,,17145.0
1978-11-30,8.92841890229315,,17145.0
1978-12-31,9.011941819133828,,17145.0
1979-01-31,9.25763691913997,,16326.0
1979-02-28,9.003740371045632,,16326.0
1979-03-31,9.070785029660762,,16326.0
1979-04-30,9.133063566217412,,18958.0
1979-05-31,8.794383289814954,,18958.0
1979-06-30,8.85393776469395,,18958.0
1979-07-31,8.827498045542361,,20249.0
1979-08-31,9.127165797215032,,20249.0
1979-09-30,9.112758990740955,,20249.0
1979-10-31,8.68184330689931,,17458.0
1979-11-30,8.518784302983555,,17458.0
1979-12-31,8.745204404669291,,17458.0
1980-01-31,8.850934180729109,,18735.0
1980-02-29,9.054476092192516,,18735.0
1980-03-31,8.081150900785497,,18735.0
1980-04-30,7.844024504719218,,18620.0
1980-05-31,8.104225807176494,,18620.0
1980-06-30,8.512077962306742,,18620.0
1980-07-31,8.880865527295843,,19972.0
1980-08-31,9.07100598161838,,19972.0
1980-09-30,9.196040131743239,,19972.0
1980-10-31,9.357841046757112,,24737.0
1980-11-30,9.654043663233388,,24737.0
1980-12-31,9.389902084921742,,24737.0
1981-01-31,9.259404530877953,,21807.0
1981-02-28,8.829899353831305,,21807.0
1981-03-31,9.081096883854622,,21807.0
1981-04-30,9.08556123078874,,22179.0
1981-05-31,8.818483466548065,,22179.0
1981-06-30,8.765340744304927,,22179.0
1981-07-31,8.44531946787551,,21068.0
1981-08-31,8.399806316566439,,21068.0
1981-09-30,7.581163051923156,,21068.0
1981-10-31,7.649141713319213,,23023.0
1981-11-30,7.810752565716109,,23023.0
1981-12-31,7.8325621371418945,,23023.0
1982-01-31,7.388659973375994,,19250.0
1982-02-28,7.181823450546731,,19250.0
1982-03-31,6.950673793536031,,19250.0
1982-04-30,7.259072625426146,,19099.0
1982-05-31,7.192612484464621,,19099.0
1982-06-30,6.692133988197588,,19099.0
1982-07-31,6.638653100208757,,20798.0
1982-08-31,6.643422752166089,,20798.0
1982-09-30,7.398838200323304,,20798.0
1982-10-31,7.999840994534585,,25791.0
1982-11-30,8.347476938155424,,25791.0
1982-12-31,8.467738401400473,,25791.0
1983-01-31,8.75678322413474,,26743.0
1983-02-28,8.910493436624117,,26743.0
1983-03-31,9.232829705190523,,26743.0
1983-04-30,9.53158128416041,,32758.0
1983-05-31,9.874456504668396,,32758.0
1983-06-30,10.00011790313002,,32758.0
1983-07-31,10.014475995571022,,33781.0
1983-08-31,9.728056935665206,,33781.0
1983-09-30,9.984202458028776,,33781.0
1983-10-31,10.003391799449624,,34177.0
1983-11-30,9.853581649364278,,34177.0
1983-12-31,9.81501090360867,,34177.0
1984-01-31,9.894931809202534,,31723.0
1984-02-29,9.32452964572798,,31723.0
1984-03-31,9.326747066508243,,31723.0
1984-04-30,9.305643404594822,,32657.0
1984-05-31,9.231831816896046,,32657.0
1984-06-30,9.010185512291006,,32657.0
1984-07-31,8.868302214043299,,30415.0
1984-08-31,9.623063257373168,,30415.0
1984-09-30,9.68734131362808,,30415.0
1984-10-31,9.595070703048505,,31834.0
1984-11-30,9.691973221783089,,31834.0
1984-12-31,9.59505480113346,,31834.0
1985-01-31,9.997001177730452,,30614.0
1985-02-28,10.49493517260708,,30614.0
1985-03-31,10.37321721492473,,30614.0
1985-04-30,10.39711871981682,,36878.0
1985-05-31,10.608120467860097,,36878.0
1985-06-30,10.810049845861215,,36878.0
1985-07-31,10.997563956793382,,38968.0
1985-08-31,10.738799808877284,,38968.0
1985-09-30,10.47123466169755,,38968.0
1985-10-31,10.552516982943748,,50699.0
1985-11-30,11.164611128667467,,50699.0
1985-12-31,11.690521474467593,,50699.0
1986-01-31,11.715007584487983,,52848.0
1986-02-28,12.388219099418121,,52848.0
1986-03-31,13.189022981532718,,52848.0
1986-04-30,13.552504172869476,,52842.0
1986-05-31,13.560046199232337,,52842.0
1986-06-30,13.888688626457117,,52842.0
1986-07-31,13.619995534083808,,55521.0
1986-08-31,13.887667550866055,,55521.0
1986-09-30,13.467314312977132,,55521.0
1986-10-31,13.425918860857362,,57429.0
1986-11-30,13.872985596138603,,57429.0
1986-12-31,14.085139814743314,,57429.0
1987-01-31,14.92220810371895,,53567.0
1987-02-28,15.822318142836455,,53567.0
1987-03-31,16.433343976069928,,53567.0
1987-04-30,16.19653445322088,,56889.0
1987-05-31,16.160311952655743,,56889.0
1987-06-30,16.825207307878724,,56889.0
1987-07-31,17.306004390512225,,59395.0
1987-08-31,18.32690724585634,,59395.0
1987-09-30,17.67562044993822,,59395.0
1987-10-31,15.530055563627315,,41797.0
1987-11-30,13.590885143189084,,41797.0
1987-12-31,13.389028514426965,,41797.0
1988-01-31,13.898336683569138,,40625.0
1988-02-29,14.298270962469523,,40625.0
1988-03-31,14.668946811103458,,40625.0
1988-04-30,14.433316420838946,,41231.0
1988-05-31,14.031891348027774,,41231.0
1988-06-30,14.76646864787962,,41231.0
1988-07-31,14.608315717522101,,42131.0
1988-08-31,14.244946310675651,,42131.0
1988-09-30,14.369428776140163,,42131.0
1988-10-31,14.811450153277727,,43506.0
1988-11-30,14.445530680872888,,43506.0
1988-12-31,14.702086748571997,,43506.0
1989-01-31,15.088072442713283,,39338.0
1989-02-28,15.467060462734754,,39338.0
1989-03-31,15.298969108882357,,39338.0
1989-04-30,15.686742656144583,,44641.0
1989-05-31,16.186353538544548,,44641.0
1989-06-30,16.64190423580859,,44641.0
1989-07-31,17.013407650499122,,44294.0
1989-08-31,17.73425143657732,,44294.0
1989-09-30,17.71422067897908,,44294.0
1989-10-31,17.64085385279795,,42540.0
1989-11-30,17.242369266947428,,42540.0
1989-12-31,17.650212904947328,,42540.0
1990-01-31,17.048843606878272,,41977.0
1990-02-28,16.508093516490288,,41977.0
1990-03-31,16.83374823348095,,41977.0
1990-04-30,16.813913898735773,,40022.0
1990-05-31,17.39241358864501,,40022.0
1990-06-30,17.817082821653013,,40022.0
1990-07-31,17.74717158707024,,36722.0
1990-08-31,16.168334756508976,,36722.0
1990-09-30,15.30128544352263,,36722.0
1990-10-31,14.818147965500804,,38809.0
1990-11-30,15.187607599503192,,38809.0
1990-12-31,15.846314974728767,,38809.0
1991-01-31,15.606190118802362,,36867.0
1991-02-28,17.35466474520511,,36867.0
1991-03-31,17.818620083397377,,36867.0
1991-04-30,18.155345895198014,,37562.0
1991-05-31,18.03543091100405,,37562.0
1991-06-30,18.01522704468833,,37562.0
1991-07-31,18.103452345519745,,45059.0
1991-08-31,18.512258455337715,,45059.0
1991-09-30,18.35728259177432,,45059.0
1991-10-31,18.34918799200198,,55066.0
1991-11-30,18.288868169301338,,55066.0
1991-12-31,18.441652313512723,,55066.0
1992-01-31,19.77306821146264,,51227.0
1992-02-29,19.582982970386738,,51227.0
1992-03-31,19.283561861298548,,51227.0
1992-04-30,19.301229507881043,,56332.0
1992-05-31,19.66227979564169,,56332.0
1992-06-30,19.3153659676446,,56332.0
1992-07-31,19.620740694824406,,55840.0
1992-08-31,19.722137498351525,,55840.0
1992-09-30,19.708766424745303,,55840.0
1992-10-31,19.37027107690697,,53474.0
1992-11-30,19.833656038801234,,53474.0
1992-12-31,20.448606721242964,,53474.0
1993-01-31,20.32341080299571,,59775.0
1993-02-28,20.545336792900446,,59775.0
1993-03-31,20.855200148690912,,59775.0
1993-04-30,20.457362016642186,,59048.0
1993-05-31,20.517605633764866,,59048.0
1993-06-30,20.60835701296019,,59048.0
1993-07-31,20.564596413297142,,67376.0
1993-08-31,20.812227546627383,,67376.0
1993-09-30,20.993501005229128,,67376.0
1993-10-31,21.109178247475118,,76123.0
1993-11-30,21.037901189606373,,76123.0
1993-12-31,21.164732079814645,,76123.0
1994-01-31,21.41197491382654,,77033.0
1994-02-28,21.263840187313026,,77033.0
1994-03-31,20.833375889460406,,77033.0
1994-04-30,20.055250085063847,,76103.0
1994-05-31,20.196492421281455,,76103.0
1994-06-30,20.29076369067031,,76103.0
1994-07-31,20.067951816142152,,72568.0
1994-08-31,20.535549404755642,,72568.0
1994-09-30,20.576450100818864,,72568.0
1994-10-31,20.395759282410253,,75051.0
1994-11-30,20.20947302039405,,75051.0
1994-12-31,19.911484108090335,,75051.0
1995-01-31,20.219119422457304,,69850.0
1995-02-28,20.802571764332683,,69850.0
1995-03-31,21.15273730203699,,69850.0
1995-04-30,21.64273926187965,,68742.0
1995-05-31,22.19542669801995,,68742.0
1995-06-30,22.71835675952061,,68742.0
1995-07-31,23.376412691512137,,77352.0
1995-08-31,23.28407025623054,,77352.0
1995-09-30,23.94600707529987,0.7266666666666667,77352.0
1995-10-31,23.92676276408328,0.8454545454545456,78593.0
1995-11-30,24.34758688111482,0.7614285714285715,78593.0
1995-12-31,25.027380664939116,0.7655000000000001,78593.0
1996-01-31,24.76246519464403,0.7945454545454546,89110.0
1996-02-29,25.97606555059339,0.775,89110.0
1996-03-31,25.629930395216117,0.7509523809523809,89110.0
1996-04-30,25.424203848381524,0.6476190476190476,89851.0
1996-05-31,25.81404382769903,0.6495454545454545,89851.0
1996-06-30,25.96667355833385,0.724,89851.0
1996-07-31,24.858411332348393,0.8440909090909091,86937.0
1996-08-31,25.412529121454945,0.7086363636363636,86937.0
1996-09-30,25.680115512876764,0.7095,86937.0
1996-10-31,26.483467720897202,0.7143478260869565,94411.0
1996-11-30,27.5856120490128,0.716,94411.0
1996-12-31,27.72394616389397,0.72,94411.0
1997-01-31,28.332870129950372,0.6536363636363637,101354.0
1997-02-28,29.26563488357595,0.74,101354.0
1997-03-31,28.802458591871662,0.7565000000000001,101354.0
1997-04-30,27.585160338136546,0.765909090909091,110390.0
1997-05-31,29.92836222468878,0.6195238095238095,110390.0
1997-06-30,31.25656061638128,0.6257142857142858,110390.0
1997-07-31,32.76663768966994,0.5613636363636364,127447.0
1997-08-31,32.58628348671318,0.6314285714285715,127447.0
1997-09-30,32.666581341708635,0.5666666666666667,127447.0
1997-10-31,32.901498179798125,0.6591304347826087,131172.0
1997-11-30,32.336600532812675,0.7368421052631579,131172.0
1997-12-31,33.030789042905425,0.6804545454545455,131172.0
1998-01-31,32.859968415052236,0.6635,140059.0
1998-02-28,34.70967778226998,0.6163157894736843,140059.0
1998-03-31,36.29692773642508,0.655,140059.0
1998-04-30,37.27693404302875,0.6642857142857143,151513.0
1998-05-31,36.956598518968995,0.6759999999999999,151513.0
1998-06-30,36.802293460092024,0.6942857142857143,151513.0
1998-07-31,38.25964508524856,0.5895454545454546,149053.0
1998-08-31,35.42340102487832,0.8371428571428571,149053.0
1998-09-30,33.5323569808349,0.8457142857142858,149053.0
1998-10-31,33.773102879048146,0.7840909090909091,152761.0
1998-11-30,37.36939188392094,0.6045,152761.0
1998-12-31,38.82027478009814,0.5559090909090909,152761.0
1999-01-31,40.57695767720811,0.5131578947368421,160646.0
1999-02-28,40.40015922925994,0.6373684210526316,160646.0
1999-03-31,41.35610363271298,0.5791304347826087,160646.0
1999-04-30,42.70450951689213,0.5433333333333333,183825.0
1999-05-31,42.55667670951804,0.5820000000000001,183825.0
1999-06-30,42.180675911746924,0.5504545454545454,183825.0
1999-07-31,43.828035992805404,0.5747619047619048,185837.0
1999-08-31,41.930712159940455,0.6681818181818181,185837.0
1999-09-30,41.32345133471502,0.6490476190476191,185837.0
1999-10-31,40.55285439953987,0.6338095238095238,227926.0
1999-11-30,43.208290714613916,0.4942857142857142,227926.0
1999-12-31,44.19793976104055,0.47590909090909095,227926.0
2000-01-31,43.77257814693799,0.488,264556.0
2000-02-29,42.18563588791731,0.4925,264556.0
2000-03-31,43.22074843996587,0.44217391304347825,264556.0
2000-04-30,43.52857428850774,0.5610526315789474,244551.0
2000-05-31,41.96605050332432,0.5804545454545454,244551.0
2000-06-30,42.781971567071444,0.49727272727272726,244551.0
2000-07-31,42.75809361826958,0.5115000000000001,250953.0
2000-08-31,42.869565494419476,0.5169565217391304,250953.0
2000-09-30,41.89800792488472,0.5730000000000001,250953.0
2000-10-31,39.369699044201354,0.6928571428571428,204032.0
2000-11-30,38.78214245678476,0.6919047619047619,204032.0
2000-12-31,37.27423800449718,0.7110000000000001,204032.0
2001-01-31,36.97886799702981,0.5852380952380952,174009.0
2001-02-28,35.834662651431266,0.6878947368421052,174009.0
2001-03-31,32.32583723617873,0.765909090909091,174009.0
2001-04-30,32.17390116836067,0.6825,180048.0
2001-05-31,34.074643217140014,0.6431818181818182,180048.0
2001-06-30,33.06853441111275,0.6733333333333333,180048.0
2001-07-31,32.16303868744433,0.71,240599.0
2001-08-31,31.404318760780118,0.7530434782608696,240599.0
2001-09-30,27.66739258686248,0.906,240599.0
2001-10-31,28.57737311336008,0.7239130434782608,181457.0
2001-11-30,30.00510381105679,0.6728571428571428,181457.0
2001-12-31,30.499953255020433,0.696,181457.0
2002-01-31,30.277204433095978,0.7304761904761905,177105.0
2002-02-28,29.085704152008407,0.86,177105.0
2002-03-31,30.292130640918653,0.6884210526315789,177105.0
2002-04-30,29.00588325311866,0.8122727272727274,154180.0
2002-05-31,28.128107508688316,0.7927272727272728,154180.0
2002-06-30,26.38767254118334,0.9065,154180.0
2002-07-31,23.463120467431427,0.8454545454545456,137923.0
2002-08-31,23.58871352884236,0.7531818181818182,137923.0
2002-09-30,22.365036801224317,0.9335000000000001,137923.0
2002-10-31,21.95623386365907,0.8613043478260869,134271.0
2002-11-30,23.348396502725116,0.7264999999999999,134271.0
2002-12-31,23.101442537685614,0.8033333333333333,134271.0
2003-01-31,22.8983485766132,0.768095238095238,146927.0
2003-02-28,21.214102123415266,0.9052631578947368,146927.0
2003-03-31,21.30971902699097,0.8114285714285714,146927.0
2003-04-30,22.42793957773088,0.7709523809523811,231714.0
2003-05-31,23.591080453481464,0.8128571428571428,231714.0
2003-06-30,24.832223259531045,0.7547619047619047,231714.0
2003-07-31,24.867329101268762,0.7718181818181818,206478.0
2003-08-31,24.642251409932143,0.8380952380952381,206478.0
2003-09-30,25.243686752606234,0.7861904761904762,206478.0
2003-10-31,25.682756070579668,0.7626086956521739,165058.0
2003-11-30,25.946798218420103,0.7563157894736842,165058.0
2003-12-31,26.635170511081512,0.7572727272727273,165058.0
2004-01-31,27.65854035573655,,173275.0
2004-02-29,27.6508620367402,,173275.0
2004-03-31,26.886530384035847,,173275.0
2004-04-30,26.900577508444865,,187313.0
2004-05-31,25.90281429294374,,187313.0
2004-06-30,26.401285366474895,,187313.0
2004-07-31,25.69588864626854,,183598.0
2004-08-31,25.174462226477758,,183598.0
2004-09-30,25.66840677635768,,183598.0
2004-10-31,25.41165566548932,,220159.0
2004-11-30,26.465310814818036,,220159.0
2004-12-31,27.144808694741215,,220159.0
2005-01-31,26.587250697970365,,218596.0
2005-02-28,26.74486312810117,,218596.0
2005-03-31,26.33914213105792,,218596.0
2005-04-30,25.40892256911446,,218719.0
2005-05-31,25.65023018718296,,218719.0
2005-06-30,26.068394871883985,,218719.0
2005-07-31,26.28787109125474,,224458.0
2005-08-31,26.104381410936142,,224458.0
2005-09-30,25.730122990164464,,224458.0
2005-10-31,24.876538723647947,,204627.0
2005-11-30,25.931783309069008,,204627.0
2005-12-31,26.443803114292393,,204627.0
2006-01-31,26.468702626685708,,219468.0
2006-02-28,26.249624763583277,,219468.0
2006-03-31,26.327837778667668,,219468.0
2006-04-30,26.147280943874513,,224201.0
2006-05-31,25.650640708757326,,224201.0
2006-06-30,24.74958224164637,,224201.0
2006-07-31,24.6967867668533,,227398.0
2006-08-31,25.05139356201095,,227398.0
2006-09-30,25.644156440797378,,227398.0
2006-10-31,26.538040282101708,,255320.0
2006-11-30,26.928020270856482,0.8780952380952382,255320.0
2006-12-31,27.28268978757168,0.8640000000000001,255320.0
2007-01-31,27.20753665680713,0.882,252846.0
2007-02-28,27.315181413516612,1.0078947368421052,252846.0
2007-03-31,26.227605554650886,1.178181818181818,252846.0
2007-04-30,26.97626831418907,0.9334999999999999,299152.0
2007-05-31,27.548490451851258,0.9468181818181818,299152.0
2007-06-30,27.4182627404106,1.006190476190476,299152.0
2007-07-31,27.410088167204318,1.0233333333333334,251019.0
2007-08-31,26.14860718931231,1.151304347826087,251019.0
2007-09-30,26.725743047696906,1.0068421052631578,251019.0
2007-10-31,27.32064813046201,0.9017391304347825,261789.0
2007-11-30,25.729053579498377,1.0509523809523809,261789.0
2007-12-31,25.95551010524023,0.9595,261789.0
2008-01-31,24.02231776083682,1.0880952380952382,311598.0
2008-02-29,23.495263401811787,1.0505,311598.0
2008-03-31,22.606810842249335,1.1675,311598.0
2008-04-30,23.35604064320161,1.009090909090909,253140.0
2008-05-31,23.69643211662318,0.9057142857142857,253140.0
2008-06-30,22.41681280228194,1.0376190476190477,253140.0
2008-07-31,20.90720646266158,1.0054545454545456,354561.0
2008-08-31,21.401617360047926,0.9604761904761906,354561.0
2008-09-30,20.362733946097514,1.0804761904761906,354561.0
2008-10-31,16.387356548789832,1.0860869565217393,143387.0
2008-11-30,15.259659405704582,1.0336842105263158,143387.0
2008-12-31,15.376080747423769,0.8954545454545454,143387.0
2009-01-31,15.174651936879666,0.9475,119811.0
2009-02-28,14.122181801918897,0.8884210526315789,119811.0
2009-03-31,13.323667656863927,0.8381818181818183,119811.0
2009-04-30,14.981866453039245,0.8333333333333334,134256.0
2009-05-31,15.996355755263155,0.817,134256.0
2009-06-30,16.38418281621534,0.895,134256.0
2009-07-31,16.694620816995617,0.870909090909091,153329.0
2009-08-31,18.094069801576083,0.8266666666666667,153329.0
2009-09-30,18.83190226484009,0.87,153329.0
2009-10-31,19.358008443486845,0.870909090909091,180162.0
2009-11-30,19.81276107996607,0.9035,180162.0
2009-12-31,20.32237650021655,0.8240909090909091,180162.0
2010-01-31,20.527859801454422,0.8157894736842105,175206.0
2010-02-28,19.920539306600453,0.9173684210526316,175206.0
2010-03-31,21.004601209715368,0.8482608695652175,175206.0
2010-04-30,21.804845599625164,0.7861904761904762,189796.0
2010-05-31,20.48006863842341,1.072,189796.0
2010-06-30,19.74203985373946,0.9945454545454545,189796.0
2010-07-31,19.66866047071771,0.9095238095238096,196912.0
2010-08-31,19.77029917435858,0.9345454545454545,196912.0
2010-09-30,20.381395233204035,0.9228571428571428,196912.0
2010-10-31,21.240127651759426,0.8695238095238096,213677.0
2010-11-30,21.70072382776062,0.8271428571428572,213677.0
2010-12-31,22.396379773044213,0.7463636363636362,213677.0
2011-01-31,22.978299430554983,0.8035,245305.0
2011-02-28,23.489828703298535,0.8436842105263158,245305.0
2011-03-31,22.89933643014364,0.8904347826086957,245305.0
2011-04-30,23.14392944728595,0.8895,237264.0
2011-05-31,23.05949150609534,0.9085714285714285,237264.0
2011-06-30,22.10083128661099,1.0513636363636363,237264.0
2011-07-31,22.610981701156625,0.9555,212824.0
2011-08-31,20.049852721660496,1.1956521739130435,212824.0
2011-09-30,19.69811456887771,1.1542857142857144,212824.0
2011-10-31,20.155824786688747,1.1261904761904762,192510.0
2011-11-30,20.34524679764582,1.1166666666666667,192510.0
2011-12-31,20.523575499431697,0.9942857142857142,192510.0
2012-01-31,21.213008091803452,0.8619999999999999,208971.0
2012-02-29,21.79743596371753,0.8935000000000001,208971.0
2012-03-31,22.053943972904708,0.9427272727272729,208971.0
2012-04-30,21.779246906824888,0.915,202290.0
2012-05-31,20.941467419743475,1.0827272727272728,202290.0
2012-06-30,20.547504086856083,1.0428571428571427,202290.0
2012-07-31,20.999341293380557,0.93,207146.0
2012-08-31,21.410428453442933,0.8813043478260869,207146.0
2012-09-30,21.783690301727678,0.8205263157894737,207146.0
2012-10-31,21.577109654528787,0.9066666666666666,215543.0
2012-11-30,20.898162059573696,0.9733333333333334,215543.0
2012-12-31,21.23826113984562,0.917,215543.0
2013-01-31,21.900475413821813,0.8790476190476191,231135.0
2013-02-28,22.05272433686195,0.9899999999999999,231135.0
2013-03-31,22.419207114602578,0.906,231135.0
2013-04-30,22.59565539610559,0.9668181818181818,236450.0
2013-05-31,23.41184178184241,0.9227272727272727,236450.0
2013-06-30,22.925333173915337,1.0755,236450.0
2013-07-31,23.492460177159643,0.935,226671.0
2013-08-31,23.3566490949161,0.889090909090909,226671.0
2013-09-30,23.442287167960608,0.8545,226671.0
2013-10-31,23.834737887631437,0.8947826086956521,241978.0
2013-11-30,24.642077092412066,0.8324999999999999,241978.0
2013-12-31,24.861869296461947,0.779047619047619,241978.0
2014-01-31,24.859609093632724,0.7928571428571428,239103.0
2014-02-28,24.59093087789414,0.8489473684210526,239103.0
2014-03-31,24.95603915396539,0.8638095238095238,239103.0
2014-04-30,24.78631539696264,0.8847619047619046,267897.0
2014-05-31,24.943274109902593,0.8685714285714285,267897.0
2014-06-30,25.558007623511294,0.8019047619047619,267897.0
2014-07-31,25.817545976158748,0.9122727272727272,274304.0
2014-08-31,25.6176064217994,0.9814285714285714,274304.0
2014-09-30,25.918436892606202,0.9580952380952381,274304.0
2014-10-31,25.16274828308326,1.0417391304347827,258076.0
2014-11-30,26.60681714714343,0.908421052631579,258076.0
2014-12-31,26.794085482572566,0.9590909090909091,258076.0
2015-01-31,26.492295420383137,1.0405,258279.0
2015-02-28,26.99551369938325,0.9621052631578948,258279.0
2015-03-31,26.728605452928488,1.0186363636363636,258279.0
2015-04-30,26.791371680192338,0.9476190476190476,262611.0
2015-05-31,26.806111379650833,0.96,262611.0
2015-06-30,26.495895292784848,0.9554545454545454,262611.0
2015-07-31,26.381136336399692,1.02,243305.0
2015-08-31,25.693658417057698,1.1085714285714285,243305.0
2015-09-30,24.496752170486435,1.1504761904761904,243305.0
2015-10-31,25.491441046066747,0.9413636363636364,227702.0
2015-11-30,26.22585189097193,1.019,227702.0
2015-12-31,25.965424037124176,0.9872727272727272,227702.0
2016-01-31,24.206167203878476,1.0868421052631578,222864.0
2016-02-29,24.00260677728976,1.0155,222864.0
2016-03-31,25.372298620187912,0.9231818181818181,222864.0
2016-04-30,25.922337543673883,0.9290476190476189,234006.0
2016-05-31,25.694709923449977,1.0661904761904761,234006.0
2016-06-30,25.84037292767051,1.06,234006.0
2016-07-31,26.694003256096302,0.8960000000000001,248143.0
2016-08-31,26.948872433723864,0.9630434782608696,248143.0
2016-09-30,26.72787334647854,0.9842857142857143,248143.0
2016-10-31,26.525143085070596,0.9804761904761905,225040.0
2016-11-30,26.85095353105626,1.0504761904761903,225040.0
2016-12-31,27.865098223923525,0.8938095238095238,225040.0
2017-01-31,28.06357374212446,0.9545,241453.0
2017-02-28,28.655106525184127,0.893157894736842,241453.0
2017-03-31,29.086921742464643,0.9704347826086956,241453.0
2017-04-30,28.904245956275155,0.9205263157894737,256737.0
2017-05-31,29.31334498027143,0.9113636363636364,256737.0
2017-06-30,29.748503240632747,0.8977272727272727,256737.0
2017-07-31,30.00222074401856,0.874,260075.0
2017-08-31,29.914959397497487,0.967391304347826,260075.0
2017-09-30,30.168114410678903,0.9125,260075.0
2017-10-31,30.920393290333838,0.9045454545454544,290362.0
2017-11-30,31.298913333880268,0.9080952380952381,290362.0
2017-12-31,32.086132007706,0.8779999999999999,290362.0
2018-01-31,33.30734382803066,0.8014285714285714,306286.0
2018-02-28,32.03538233925029,1.0052631578947369,306286.0
2018-03-31,31.80840905764312,1.0523809523809524,306286.0
2018-04-30,30.97017929332522,0.9695238095238095,298992.0
2018-05-31,31.243615074864607,0.9445454545454546,298992.0
2018-06-30,31.6305564964546,0.9285714285714286,298992.0
2018-07-31,31.886366962158977,0.9533333333333334,301923.0
2018-08-31,32.390276880301116,0.9391304347826087,301923.0
2018-09-30,32.622891120500185,0.9410526315789474,301923.0
2018-10-31,31.0379610780065,1.1091304347826088,275326.0
2018-11-30,30.195583406705246,0.980952380952381,275326.0
2018-12-31,28.291857012072875,1.1257894736842105,275326.0
2019-01-31,28.38016446354758,0.9738095238095238,268079.0
2019-02-28,29.541548965131213,0.898421052631579,268079.0
2019-03-31,29.576196014784816,0.9157142857142857,268079.0
2019-04-30,30.13351717138751,0.8604761904761905,277823.0
2019-05-31,29.242030936939845,1.0622727272727273,277823.0
2019-06-30,29.283796275306262,0.9019999999999999,277823.0
2019-07-31,29.98668533504252,0.8968181818181818,280339.0
2019-08-31,28.705397371833072,1.0963636363636364,280339.0
2019-09-30,29.22952023303527,0.9964999999999999,280339.0
2019-10-31,28.841122881953403,1.195,286260.0
2019-11-30,29.836867659083424,,286260.0
2019-12-31,30.331822322243287,,286260.0
2020-01-31,30.985220300230694,,300621.0
2020-02-29,30.729689264735743,,300621.0
2020-03-31,24.817168629099413,,300621.0
2020-04-30,25.927358825280162,,281771.0
2020-05-31,27.328480997698456,,281771.0
2020-06-30,28.838315955122845,,281771.0
2020-07-31,29.599194927666993,,333573.0
2020-08-31,31.15820896535522,,333573.0
2020-09-30,30.83942604381124,,333573.0
2020-10-31,31.28369403259284,,411054.0
2020-11-30,32.47320409661256,,411054.0
2020-12-31,33.7655914181171,,411054.0
2021-01-31,34.5124322941069,,470398.0
2021-02-28,35.103907171969816,,470398.0
2021-03-31,35.04254511219207,,470398.0
2021-04-30,36.719814109133,,494562.0
2021-05-31,36.55213398979905,,494562.0
2021-06-30,36.696258013088354,,494562.0
2021-07-31,37.443383184615385,,513678.0
2021-08-31,37.973500614070474,,513678.0
2021-09-30,37.62034668665119,,513678.0
2021-10-31,37.2530250003253,,517568.0
2021-11-30,38.5826274977192,,517568.0
2021-12-31,38.30484987346744,,517568.0
2022-01-31,36.936758070297444,,519187.0
2022-02-28,35.28714922569486,,519187.0
2022-03-31,34.270798693291724,,519187.0
2022-04-30,33.88916475591384,,466897.0
2022-05-31,30.67315507954513,,466897.0
2022-06-30,29.047721395103835,,466897.0
2022-07-31,29.00461831720893,,458614.0
2022-08-31,30.69876336517529,,458614.0
2022-09-30,28.22988465582196,,458614.0
2022-10-31,27.08076692540069,,381610.0
2022-11-30,28.378949016273314,,381610.0
2022-12-31,28.316901284527283,,381610.0
2023-01-31,28.334813423755683,,370528.0
2023-02-28,28.91976294386663,,370528.0
2023-03-31,27.953041469070055,,370528.0
2023-04-30,28.76468407710037,,380525.0
2023-05-31,28.761805827303075,,380525.0
2023-06-30,29.939593027231528,,380525.0
2023-07-31,30.8909260883331,,401990.0
2023-08-31,30.469742507138623,,401990.0
2023-09-30,30.810960610791547,,401990.0
2023-10-31,,,397939.0
2023-11-30,,,397939.0
2023-12-31,,,397939.0
2024-01-31,,,433768.0
2024-02-29,,,433768.0
2024-03-31,,,433768.0
2024-04-30,,,451005.0
2024-05-31,,,451005.0
2024-06-30,,,451005.0
2024-07-31,,,451493.0
2024-08-31,,,451493.0
2024-09-30,,,451493.0
2024-10-31,,,485515.0
2024-11-30,,,485515.0
2024-12-31,,,485515.0
2025-01-31,,,476860.0
2025-02-28,,,476860.0
2025-03-31,,,476860.0
2025-04-30,,,506422.0
2025-05-31,,,506422.0
2025-06-30,,,506422.0
2025-07-31,,,566101.0
2025-08-31,,,566101.0
2025-09-30,,,566101.0
